identifier,password
loadtest1@furnisight.store,Password123!
loadtest2@furnisight.store,Password123!
loadtest3@furnisight.store,Password123!
loadtest4@furnisight.store,Password123!
loadtest5@furnisight.store,Password123!
loadtest6@furnisight.store,Password123!
loadtest7@furnisight.store,Password123!
loadtest8@furnisight.store,Password123!
loadtest9@furnisight.store,Password123!
loadtest10@furnisight.store,Password123!
loadtest11@furnisight.store,Password123!
loadtest12@furnisight.store,Password123!
loadtest13@furnisight.store,Password123!
loadtest14@furnisight.store,Password123!
loadtest15@furnisight.store,Password123!
loadtest16@furnisight.store,Password123!
loadtest17@furnisight.store,Password123!
loadtest18@furnisight.store,Password123!
loadtest19@furnisight.store,Password123!
loadtest20@furnisight.store,Password123!
loadtest21@furnisight.store,Password123!
loadtest22@furnisight.store,Password123!
loadtest23@furnisight.store,Password123!
loadtest24@furnisight.store,Password123!
loadtest25@furnisight.store,Password123!
loadtest26@furnisight.store,Password123!
loadtest27@furnisight.store,Password123!
loadtest28@furnisight.store,Password123!
loadtest29@furnisight.store,Password123!
loadtest30@furnisight.store,Password123!
loadtest31@furnisight.store,Password123!
loadtest32@furnisight.store,Password123!
loadtest33@furnisight.store,Password123!
loadtest34@furnisight.store,Password123!
loadtest35@furnisight.store,Password123!
loadtest36@furnisight.store,Password123!
loadtest37@furnisight.store,Password123!
loadtest38@furnisight.store,Password123!
loadtest39@furnisight.store,Password123!
loadtest40@furnisight.store,Password123!
loadtest41@furnisight.store,Password123!
loadtest42@furnisight.store,Password123!
loadtest43@furnisight.store,Password123!
loadtest44@furnisight.store,Password123!
loadtest45@furnisight.store,Password123!
loadtest46@furnisight.store,Password123!
loadtest47@furnisight.store,Password123!
loadtest48@furnisight.store,Password123!
loadtest49@furnisight.store,Password123!
loadtest50@furnisight.store,Password123!
loadtest51@furnisight.store,Password123!
loadtest52@furnisight.store,Password123!
loadtest53@furnisight.store,Password123!
loadtest54@furnisight.store,Password123!
loadtest55@furnisight.store,Password123!
loadtest56@furnisight.store,Password123!
loadtest57@furnisight.store,Password123!
loadtest58@furnisight.store,Password123!
loadtest59@furnisight.store,Password123!
loadtest60@furnisight.store,Password123!
loadtest61@furnisight.store,Password123!
loadtest62@furnisight.store,Password123!
loadtest63@furnisight.store,Password123!
loadtest64@furnisight.store,Password123!
loadtest65@furnisight.store,Password123!
loadtest66@furnisight.store,Password123!
loadtest67@furnisight.store,Password123!
loadtest68@furnisight.store,Password123!
loadtest69@furnisight.store,Password123!
loadtest70@furnisight.store,Password123!
loadtest71@furnisight.store,Password123!
loadtest72@furnisight.store,Password123!
loadtest73@furnisight.store,Password123!
loadtest74@furnisight.store,Password123!
loadtest75@furnisight.store,Password123!
loadtest76@furnisight.store,Password123!
loadtest77@furnisight.store,Password123!
loadtest78@furnisight.store,Password123!
loadtest79@furnisight.store,Password123!
loadtest80@furnisight.store,Password123!
loadtest81@furnisight.store,Password123!
loadtest82@furnisight.store,Password123!
loadtest83@furnisight.store,Password123!
loadtest84@furnisight.store,Password123!
loadtest85@furnisight.store,Password123!
loadtest86@furnisight.store,Password123!
loadtest87@furnisight.store,Password123!
loadtest88@furnisight.store,Password123!
loadtest89@furnisight.store,Password123!
loadtest90@furnisight.store,Password123!
loadtest91@furnisight.store,Password123!
loadtest92@furnisight.store,Password123!
loadtest93@furnisight.store,Password123!
loadtest94@furnisight.store,Password123!
loadtest95@furnisight.store,Password123!
loadtest96@furnisight.store,Password123!
loadtest97@furnisight.store,Password123!
loadtest98@furnisight.store,Password123!
loadtest99@furnisight.store,Password123!
loadtest100@furnisight.store,Password123!
loadtest101@furnisight.store,Password123!
loadtest102@furnisight.store,Password123!
loadtest103@furnisight.store,Password123!
loadtest104@furnisight.store,Password123!
loadtest105@furnisight.store,Password123!
loadtest106@furnisight.store,Password123!
loadtest107@furnisight.store,Password123!
loadtest108@furnisight.store,Password123!
loadtest109@furnisight.store,Password123!
loadtest110@furnisight.store,Password123!
loadtest111@furnisight.store,Password123!
loadtest112@furnisight.store,Password123!
loadtest113@furnisight.store,Password123!
loadtest114@furnisight.store,Password123!
loadtest115@furnisight.store,Password123!
loadtest116@furnisight.store,Password123!
loadtest117@furnisight.store,Password123!
loadtest118@furnisight.store,Password123!
loadtest119@furnisight.store,Password123!
loadtest120@furnisight.store,Password123!
loadtest121@furnisight.store,Password123!
loadtest122@furnisight.store,Password123!
loadtest123@furnisight.store,Password123!
loadtest124@furnisight.store,Password123!
loadtest125@furnisight.store,Password123!
loadtest126@furnisight.store,Password123!
loadtest127@furnisight.store,Password123!
loadtest128@furnisight.store,Password123!
loadtest129@furnisight.store,Password123!
loadtest130@furnisight.store,Password123!
loadtest131@furnisight.store,Password123!
loadtest132@furnisight.store,Password123!
loadtest133@furnisight.store,Password123!
loadtest134@furnisight.store,Password123!
loadtest135@furnisight.store,Password123!
loadtest136@furnisight.store,Password123!
loadtest137@furnisight.store,Password123!
loadtest138@furnisight.store,Password123!
loadtest139@furnisight.store,Password123!
loadtest140@furnisight.store,Password123!
loadtest141@furnisight.store,Password123!
loadtest142@furnisight.store,Password123!
loadtest143@furnisight.store,Password123!
loadtest144@furnisight.store,Password123!
loadtest145@furnisight.store,Password123!
loadtest146@furnisight.store,Password123!
loadtest147@furnisight.store,Password123!
loadtest148@furnisight.store,Password123!
loadtest149@furnisight.store,Password123!
loadtest150@furnisight.store,Password123!
loadtest151@furnisight.store,Password123!
loadtest152@furnisight.store,Password123!
loadtest153@furnisight.store,Password123!
loadtest154@furnisight.store,Password123!
loadtest155@furnisight.store,Password123!
loadtest156@furnisight.store,Password123!
loadtest157@furnisight.store,Password123!
loadtest158@furnisight.store,Password123!
loadtest159@furnisight.store,Password123!
loadtest160@furnisight.store,Password123!
loadtest161@furnisight.store,Password123!
loadtest162@furnisight.store,Password123!
loadtest163@furnisight.store,Password123!
loadtest164@furnisight.store,Password123!
loadtest165@furnisight.store,Password123!
loadtest166@furnisight.store,Password123!
loadtest167@furnisight.store,Password123!
loadtest168@furnisight.store,Password123!
loadtest169@furnisight.store,Password123!
loadtest170@furnisight.store,Password123!
loadtest171@furnisight.store,Password123!
loadtest172@furnisight.store,Password123!
loadtest173@furnisight.store,Password123!
loadtest174@furnisight.store,Password123!
loadtest175@furnisight.store,Password123!
loadtest176@furnisight.store,Password123!
loadtest177@furnisight.store,Password123!
loadtest178@furnisight.store,Password123!
loadtest179@furnisight.store,Password123!
loadtest180@furnisight.store,Password123!
loadtest181@furnisight.store,Password123!
loadtest182@furnisight.store,Password123!
loadtest183@furnisight.store,Password123!
loadtest184@furnisight.store,Password123!
loadtest185@furnisight.store,Password123!
loadtest186@furnisight.store,Password123!
loadtest187@furnisight.store,Password123!
loadtest188@furnisight.store,Password123!
loadtest189@furnisight.store,Password123!
loadtest190@furnisight.store,Password123!
loadtest191@furnisight.store,Password123!
loadtest192@furnisight.store,Password123!
loadtest193@furnisight.store,Password123!
loadtest194@furnisight.store,Password123!
loadtest195@furnisight.store,Password123!
loadtest196@furnisight.store,Password123!
loadtest197@furnisight.store,Password123!
loadtest198@furnisight.store,Password123!
loadtest199@furnisight.store,Password123!
loadtest200@furnisight.store,Password123!
loadtest201@furnisight.store,Password123!
loadtest202@furnisight.store,Password123!
loadtest203@furnisight.store,Password123!
loadtest204@furnisight.store,Password123!
loadtest205@furnisight.store,Password123!
loadtest206@furnisight.store,Password123!
loadtest207@furnisight.store,Password123!
loadtest208@furnisight.store,Password123!
loadtest209@furnisight.store,Password123!
loadtest210@furnisight.store,Password123!
loadtest211@furnisight.store,Password123!
loadtest212@furnisight.store,Password123!
loadtest213@furnisight.store,Password123!
loadtest214@furnisight.store,Password123!
loadtest215@furnisight.store,Password123!
loadtest216@furnisight.store,Password123!
loadtest217@furnisight.store,Password123!
loadtest218@furnisight.store,Password123!
loadtest219@furnisight.store,Password123!
loadtest220@furnisight.store,Password123!
loadtest221@furnisight.store,Password123!
loadtest222@furnisight.store,Password123!
loadtest223@furnisight.store,Password123!
loadtest224@furnisight.store,Password123!
loadtest225@furnisight.store,Password123!
loadtest226@furnisight.store,Password123!
loadtest227@furnisight.store,Password123!
loadtest228@furnisight.store,Password123!
loadtest229@furnisight.store,Password123!
loadtest230@furnisight.store,Password123!
loadtest231@furnisight.store,Password123!
loadtest232@furnisight.store,Password123!
loadtest233@furnisight.store,Password123!
loadtest234@furnisight.store,Password123!
loadtest235@furnisight.store,Password123!
loadtest236@furnisight.store,Password123!
loadtest237@furnisight.store,Password123!
loadtest238@furnisight.store,Password123!
loadtest239@furnisight.store,Password123!
loadtest240@furnisight.store,Password123!
loadtest241@furnisight.store,Password123!
loadtest242@furnisight.store,Password123!
loadtest243@furnisight.store,Password123!
loadtest244@furnisight.store,Password123!
loadtest245@furnisight.store,Password123!
loadtest246@furnisight.store,Password123!
loadtest247@furnisight.store,Password123!
loadtest248@furnisight.store,Password123!
loadtest249@furnisight.store,Password123!
loadtest250@furnisight.store,Password123!
loadtest251@furnisight.store,Password123!
loadtest252@furnisight.store,Password123!
loadtest253@furnisight.store,Password123!
loadtest254@furnisight.store,Password123!
loadtest255@furnisight.store,Password123!
loadtest256@furnisight.store,Password123!
loadtest257@furnisight.store,Password123!
loadtest258@furnisight.store,Password123!
loadtest259@furnisight.store,Password123!
loadtest260@furnisight.store,Password123!
loadtest261@furnisight.store,Password123!
loadtest262@furnisight.store,Password123!
loadtest263@furnisight.store,Password123!
loadtest264@furnisight.store,Password123!
loadtest265@furnisight.store,Password123!
loadtest266@furnisight.store,Password123!
loadtest267@furnisight.store,Password123!
loadtest268@furnisight.store,Password123!
loadtest269@furnisight.store,Password123!
loadtest270@furnisight.store,Password123!
loadtest271@furnisight.store,Password123!
loadtest272@furnisight.store,Password123!
loadtest273@furnisight.store,Password123!
loadtest274@furnisight.store,Password123!
loadtest275@furnisight.store,Password123!
loadtest276@furnisight.store,Password123!
loadtest277@furnisight.store,Password123!
loadtest278@furnisight.store,Password123!
loadtest279@furnisight.store,Password123!
loadtest280@furnisight.store,Password123!
loadtest281@furnisight.store,Password123!
loadtest282@furnisight.store,Password123!
loadtest283@furnisight.store,Password123!
loadtest284@furnisight.store,Password123!
loadtest285@furnisight.store,Password123!
loadtest286@furnisight.store,Password123!
loadtest287@furnisight.store,Password123!
loadtest288@furnisight.store,Password123!
loadtest289@furnisight.store,Password123!
loadtest290@furnisight.store,Password123!
loadtest291@furnisight.store,Password123!
loadtest292@furnisight.store,Password123!
loadtest293@furnisight.store,Password123!
loadtest294@furnisight.store,Password123!
loadtest295@furnisight.store,Password123!
loadtest296@furnisight.store,Password123!
loadtest297@furnisight.store,Password123!
loadtest298@furnisight.store,Password123!
loadtest299@furnisight.store,Password123!
loadtest300@furnisight.store,Password123!
loadtest301@furnisight.store,Password123!
loadtest302@furnisight.store,Password123!
loadtest303@furnisight.store,Password123!
loadtest304@furnisight.store,Password123!
loadtest305@furnisight.store,Password123!
loadtest306@furnisight.store,Password123!
loadtest307@furnisight.store,Password123!
loadtest308@furnisight.store,Password123!
loadtest309@furnisight.store,Password123!
loadtest310@furnisight.store,Password123!
loadtest311@furnisight.store,Password123!
loadtest312@furnisight.store,Password123!
loadtest313@furnisight.store,Password123!
loadtest314@furnisight.store,Password123!
loadtest315@furnisight.store,Password123!
loadtest316@furnisight.store,Password123!
loadtest317@furnisight.store,Password123!
loadtest318@furnisight.store,Password123!
loadtest319@furnisight.store,Password123!
loadtest320@furnisight.store,Password123!
loadtest321@furnisight.store,Password123!
loadtest322@furnisight.store,Password123!
loadtest323@furnisight.store,Password123!
loadtest324@furnisight.store,Password123!
loadtest325@furnisight.store,Password123!
loadtest326@furnisight.store,Password123!
loadtest327@furnisight.store,Password123!
loadtest328@furnisight.store,Password123!
loadtest329@furnisight.store,Password123!
loadtest330@furnisight.store,Password123!
loadtest331@furnisight.store,Password123!
loadtest332@furnisight.store,Password123!
loadtest333@furnisight.store,Password123!
loadtest334@furnisight.store,Password123!
loadtest335@furnisight.store,Password123!
loadtest336@furnisight.store,Password123!
loadtest337@furnisight.store,Password123!
loadtest338@furnisight.store,Password123!
loadtest339@furnisight.store,Password123!
loadtest340@furnisight.store,Password123!
loadtest341@furnisight.store,Password123!
loadtest342@furnisight.store,Password123!
loadtest343@furnisight.store,Password123!
loadtest344@furnisight.store,Password123!
loadtest345@furnisight.store,Password123!
loadtest346@furnisight.store,Password123!
loadtest347@furnisight.store,Password123!
loadtest348@furnisight.store,Password123!
loadtest349@furnisight.store,Password123!
loadtest350@furnisight.store,Password123!
loadtest351@furnisight.store,Password123!
loadtest352@furnisight.store,Password123!
loadtest353@furnisight.store,Password123!
loadtest354@furnisight.store,Password123!
loadtest355@furnisight.store,Password123!
loadtest356@furnisight.store,Password123!
loadtest357@furnisight.store,Password123!
loadtest358@furnisight.store,Password123!
loadtest359@furnisight.store,Password123!
loadtest360@furnisight.store,Password123!
loadtest361@furnisight.store,Password123!
loadtest362@furnisight.store,Password123!
loadtest363@furnisight.store,Password123!
loadtest364@furnisight.store,Password123!
loadtest365@furnisight.store,Password123!
loadtest366@furnisight.store,Password123!
loadtest367@furnisight.store,Password123!
loadtest368@furnisight.store,Password123!
loadtest369@furnisight.store,Password123!
loadtest370@furnisight.store,Password123!
loadtest371@furnisight.store,Password123!
loadtest372@furnisight.store,Password123!
loadtest373@furnisight.store,Password123!
loadtest374@furnisight.store,Password123!
loadtest375@furnisight.store,Password123!
loadtest376@furnisight.store,Password123!
loadtest377@furnisight.store,Password123!
loadtest378@furnisight.store,Password123!
loadtest379@furnisight.store,Password123!
loadtest380@furnisight.store,Password123!
loadtest381@furnisight.store,Password123!
loadtest382@furnisight.store,Password123!
loadtest383@furnisight.store,Password123!
loadtest384@furnisight.store,Password123!
loadtest385@furnisight.store,Password123!
loadtest386@furnisight.store,Password123!
loadtest387@furnisight.store,Password123!
loadtest388@furnisight.store,Password123!
loadtest389@furnisight.store,Password123!
loadtest390@furnisight.store,Password123!
loadtest391@furnisight.store,Password123!
loadtest392@furnisight.store,Password123!
loadtest393@furnisight.store,Password123!
loadtest394@furnisight.store,Password123!
loadtest395@furnisight.store,Password123!
loadtest396@furnisight.store,Password123!
loadtest397@furnisight.store,Password123!
loadtest398@furnisight.store,Password123!
loadtest399@furnisight.store,Password123!
loadtest400@furnisight.store,Password123!
loadtest401@furnisight.store,Password123!
loadtest402@furnisight.store,Password123!
loadtest403@furnisight.store,Password123!
loadtest404@furnisight.store,Password123!
loadtest405@furnisight.store,Password123!
loadtest406@furnisight.store,Password123!
loadtest407@furnisight.store,Password123!
loadtest408@furnisight.store,Password123!
loadtest409@furnisight.store,Password123!
loadtest410@furnisight.store,Password123!
loadtest411@furnisight.store,Password123!
loadtest412@furnisight.store,Password123!
loadtest413@furnisight.store,Password123!
loadtest414@furnisight.store,Password123!
loadtest415@furnisight.store,Password123!
loadtest416@furnisight.store,Password123!
loadtest417@furnisight.store,Password123!
loadtest418@furnisight.store,Password123!
loadtest419@furnisight.store,Password123!
loadtest420@furnisight.store,Password123!
loadtest421@furnisight.store,Password123!
loadtest422@furnisight.store,Password123!
loadtest423@furnisight.store,Password123!
loadtest424@furnisight.store,Password123!
loadtest425@furnisight.store,Password123!
loadtest426@furnisight.store,Password123!
loadtest427@furnisight.store,Password123!
loadtest428@furnisight.store,Password123!
loadtest429@furnisight.store,Password123!
loadtest430@furnisight.store,Password123!
loadtest431@furnisight.store,Password123!
loadtest432@furnisight.store,Password123!
loadtest433@furnisight.store,Password123!
loadtest434@furnisight.store,Password123!
loadtest435@furnisight.store,Password123!
loadtest436@furnisight.store,Password123!
loadtest437@furnisight.store,Password123!
loadtest438@furnisight.store,Password123!
loadtest439@furnisight.store,Password123!
loadtest440@furnisight.store,Password123!
loadtest441@furnisight.store,Password123!
loadtest442@furnisight.store,Password123!
loadtest443@furnisight.store,Password123!
loadtest444@furnisight.store,Password123!
loadtest445@furnisight.store,Password123!
loadtest446@furnisight.store,Password123!
loadtest447@furnisight.store,Password123!
loadtest448@furnisight.store,Password123!
loadtest449@furnisight.store,Password123!
loadtest450@furnisight.store,Password123!
loadtest451@furnisight.store,Password123!
loadtest452@furnisight.store,Password123!
loadtest453@furnisight.store,Password123!
loadtest454@furnisight.store,Password123!
loadtest455@furnisight.store,Password123!
loadtest456@furnisight.store,Password123!
loadtest457@furnisight.store,Password123!
loadtest458@furnisight.store,Password123!
loadtest459@furnisight.store,Password123!
loadtest460@furnisight.store,Password123!
loadtest461@furnisight.store,Password123!
loadtest462@furnisight.store,Password123!
loadtest463@furnisight.store,Password123!
loadtest464@furnisight.store,Password123!
loadtest465@furnisight.store,Password123!
loadtest466@furnisight.store,Password123!
loadtest467@furnisight.store,Password123!
loadtest468@furnisight.store,Password123!
loadtest469@furnisight.store,Password123!
loadtest470@furnisight.store,Password123!
loadtest471@furnisight.store,Password123!
loadtest472@furnisight.store,Password123!
loadtest473@furnisight.store,Password123!
loadtest474@furnisight.store,Password123!
loadtest475@furnisight.store,Password123!
loadtest476@furnisight.store,Password123!
loadtest477@furnisight.store,Password123!
loadtest478@furnisight.store,Password123!
loadtest479@furnisight.store,Password123!
loadtest480@furnisight.store,Password123!
loadtest481@furnisight.store,Password123!
loadtest482@furnisight.store,Password123!
loadtest483@furnisight.store,Password123!
loadtest484@furnisight.store,Password123!
loadtest485@furnisight.store,Password123!
loadtest486@furnisight.store,Password123!
loadtest487@furnisight.store,Password123!
loadtest488@furnisight.store,Password123!
loadtest489@furnisight.store,Password123!
loadtest490@furnisight.store,Password123!
loadtest491@furnisight.store,Password123!
loadtest492@furnisight.store,Password123!
loadtest493@furnisight.store,Password123!
loadtest494@furnisight.store,Password123!
loadtest495@furnisight.store,Password123!
loadtest496@furnisight.store,Password123!
loadtest497@furnisight.store,Password123!
loadtest498@furnisight.store,Password123!
loadtest499@furnisight.store,Password123!
loadtest500@furnisight.store,Password123!
loadtest501@furnisight.store,Password123!
loadtest502@furnisight.store,Password123!
loadtest503@furnisight.store,Password123!
loadtest504@furnisight.store,Password123!
loadtest505@furnisight.store,Password123!
loadtest506@furnisight.store,Password123!
loadtest507@furnisight.store,Password123!
loadtest508@furnisight.store,Password123!
loadtest509@furnisight.store,Password123!
loadtest510@furnisight.store,Password123!
loadtest511@furnisight.store,Password123!
loadtest512@furnisight.store,Password123!
loadtest513@furnisight.store,Password123!
loadtest514@furnisight.store,Password123!
loadtest515@furnisight.store,Password123!
loadtest516@furnisight.store,Password123!
loadtest517@furnisight.store,Password123!
loadtest518@furnisight.store,Password123!
loadtest519@furnisight.store,Password123!
loadtest520@furnisight.store,Password123!
loadtest521@furnisight.store,Password123!
loadtest522@furnisight.store,Password123!
loadtest523@furnisight.store,Password123!
loadtest524@furnisight.store,Password123!
loadtest525@furnisight.store,Password123!
loadtest526@furnisight.store,Password123!
loadtest527@furnisight.store,Password123!
loadtest528@furnisight.store,Password123!
loadtest529@furnisight.store,Password123!
loadtest530@furnisight.store,Password123!
loadtest531@furnisight.store,Password123!
loadtest532@furnisight.store,Password123!
loadtest533@furnisight.store,Password123!
loadtest534@furnisight.store,Password123!
loadtest535@furnisight.store,Password123!
loadtest536@furnisight.store,Password123!
loadtest537@furnisight.store,Password123!
loadtest538@furnisight.store,Password123!
loadtest539@furnisight.store,Password123!
loadtest540@furnisight.store,Password123!
loadtest541@furnisight.store,Password123!
loadtest542@furnisight.store,Password123!
loadtest543@furnisight.store,Password123!
loadtest544@furnisight.store,Password123!
loadtest545@furnisight.store,Password123!
loadtest546@furnisight.store,Password123!
loadtest547@furnisight.store,Password123!
loadtest548@furnisight.store,Password123!
loadtest549@furnisight.store,Password123!
loadtest550@furnisight.store,Password123!
loadtest551@furnisight.store,Password123!
loadtest552@furnisight.store,Password123!
loadtest553@furnisight.store,Password123!
loadtest554@furnisight.store,Password123!
loadtest555@furnisight.store,Password123!
loadtest556@furnisight.store,Password123!
loadtest557@furnisight.store,Password123!
loadtest558@furnisight.store,Password123!
loadtest559@furnisight.store,Password123!
loadtest560@furnisight.store,Password123!
loadtest561@furnisight.store,Password123!
loadtest562@furnisight.store,Password123!
loadtest563@furnisight.store,Password123!
loadtest564@furnisight.store,Password123!
loadtest565@furnisight.store,Password123!
loadtest566@furnisight.store,Password123!
loadtest567@furnisight.store,Password123!
loadtest568@furnisight.store,Password123!
loadtest569@furnisight.store,Password123!
loadtest570@furnisight.store,Password123!
loadtest571@furnisight.store,Password123!
loadtest572@furnisight.store,Password123!
loadtest573@furnisight.store,Password123!
loadtest574@furnisight.store,Password123!
loadtest575@furnisight.store,Password123!
loadtest576@furnisight.store,Password123!
loadtest577@furnisight.store,Password123!
loadtest578@furnisight.store,Password123!
loadtest579@furnisight.store,Password123!
loadtest580@furnisight.store,Password123!
loadtest581@furnisight.store,Password123!
loadtest582@furnisight.store,Password123!
loadtest583@furnisight.store,Password123!
loadtest584@furnisight.store,Password123!
loadtest585@furnisight.store,Password123!
loadtest586@furnisight.store,Password123!
loadtest587@furnisight.store,Password123!
loadtest588@furnisight.store,Password123!
loadtest589@furnisight.store,Password123!
loadtest590@furnisight.store,Password123!
loadtest591@furnisight.store,Password123!
loadtest592@furnisight.store,Password123!
loadtest593@furnisight.store,Password123!
loadtest594@furnisight.store,Password123!
loadtest595@furnisight.store,Password123!
loadtest596@furnisight.store,Password123!
loadtest597@furnisight.store,Password123!
loadtest598@furnisight.store,Password123!
loadtest599@furnisight.store,Password123!
loadtest600@furnisight.store,Password123!
loadtest601@furnisight.store,Password123!
loadtest602@furnisight.store,Password123!
loadtest603@furnisight.store,Password123!
loadtest604@furnisight.store,Password123!
loadtest605@furnisight.store,Password123!
loadtest606@furnisight.store,Password123!
loadtest607@furnisight.store,Password123!
loadtest608@furnisight.store,Password123!
loadtest609@furnisight.store,Password123!
loadtest610@furnisight.store,Password123!
loadtest611@furnisight.store,Password123!
loadtest612@furnisight.store,Password123!
loadtest613@furnisight.store,Password123!
loadtest614@furnisight.store,Password123!
loadtest615@furnisight.store,Password123!
loadtest616@furnisight.store,Password123!
loadtest617@furnisight.store,Password123!
loadtest618@furnisight.store,Password123!
loadtest619@furnisight.store,Password123!
loadtest620@furnisight.store,Password123!
loadtest621@furnisight.store,Password123!
loadtest622@furnisight.store,Password123!
loadtest623@furnisight.store,Password123!
loadtest624@furnisight.store,Password123!
loadtest625@furnisight.store,Password123!
loadtest626@furnisight.store,Password123!
loadtest627@furnisight.store,Password123!
loadtest628@furnisight.store,Password123!
loadtest629@furnisight.store,Password123!
loadtest630@furnisight.store,Password123!
loadtest631@furnisight.store,Password123!
loadtest632@furnisight.store,Password123!
loadtest633@furnisight.store,Password123!
loadtest634@furnisight.store,Password123!
loadtest635@furnisight.store,Password123!
loadtest636@furnisight.store,Password123!
loadtest637@furnisight.store,Password123!
loadtest638@furnisight.store,Password123!
loadtest639@furnisight.store,Password123!
loadtest640@furnisight.store,Password123!
loadtest641@furnisight.store,Password123!
loadtest642@furnisight.store,Password123!
loadtest643@furnisight.store,Password123!
loadtest644@furnisight.store,Password123!
loadtest645@furnisight.store,Password123!
loadtest646@furnisight.store,Password123!
loadtest647@furnisight.store,Password123!
loadtest648@furnisight.store,Password123!
loadtest649@furnisight.store,Password123!
loadtest650@furnisight.store,Password123!
loadtest651@furnisight.store,Password123!
loadtest652@furnisight.store,Password123!
loadtest653@furnisight.store,Password123!
loadtest654@furnisight.store,Password123!
loadtest655@furnisight.store,Password123!
loadtest656@furnisight.store,Password123!
loadtest657@furnisight.store,Password123!
loadtest658@furnisight.store,Password123!
loadtest659@furnisight.store,Password123!
loadtest660@furnisight.store,Password123!
loadtest661@furnisight.store,Password123!
loadtest662@furnisight.store,Password123!
loadtest663@furnisight.store,Password123!
loadtest664@furnisight.store,Password123!
loadtest665@furnisight.store,Password123!
loadtest666@furnisight.store,Password123!
loadtest667@furnisight.store,Password123!
loadtest668@furnisight.store,Password123!
loadtest669@furnisight.store,Password123!
loadtest670@furnisight.store,Password123!
loadtest671@furnisight.store,Password123!
loadtest672@furnisight.store,Password123!
loadtest673@furnisight.store,Password123!
loadtest674@furnisight.store,Password123!
loadtest675@furnisight.store,Password123!
loadtest676@furnisight.store,Password123!
loadtest677@furnisight.store,Password123!
loadtest678@furnisight.store,Password123!
loadtest679@furnisight.store,Password123!
loadtest680@furnisight.store,Password123!
loadtest681@furnisight.store,Password123!
loadtest682@furnisight.store,Password123!
loadtest683@furnisight.store,Password123!
loadtest684@furnisight.store,Password123!
loadtest685@furnisight.store,Password123!
loadtest686@furnisight.store,Password123!
loadtest687@furnisight.store,Password123!
loadtest688@furnisight.store,Password123!
loadtest689@furnisight.store,Password123!
loadtest690@furnisight.store,Password123!
loadtest691@furnisight.store,Password123!
loadtest692@furnisight.store,Password123!
loadtest693@furnisight.store,Password123!
loadtest694@furnisight.store,Password123!
loadtest695@furnisight.store,Password123!
loadtest696@furnisight.store,Password123!
loadtest697@furnisight.store,Password123!
loadtest698@furnisight.store,Password123!
loadtest699@furnisight.store,Password123!
loadtest700@furnisight.store,Password123!
loadtest701@furnisight.store,Password123!
loadtest702@furnisight.store,Password123!
loadtest703@furnisight.store,Password123!
loadtest704@furnisight.store,Password123!
loadtest705@furnisight.store,Password123!
loadtest706@furnisight.store,Password123!
loadtest707@furnisight.store,Password123!
loadtest708@furnisight.store,Password123!
loadtest709@furnisight.store,Password123!
loadtest710@furnisight.store,Password123!
loadtest711@furnisight.store,Password123!
loadtest712@furnisight.store,Password123!
loadtest713@furnisight.store,Password123!
loadtest714@furnisight.store,Password123!
loadtest715@furnisight.store,Password123!
loadtest716@furnisight.store,Password123!
loadtest717@furnisight.store,Password123!
loadtest718@furnisight.store,Password123!
loadtest719@furnisight.store,Password123!
loadtest720@furnisight.store,Password123!
loadtest721@furnisight.store,Password123!
loadtest722@furnisight.store,Password123!
loadtest723@furnisight.store,Password123!
loadtest724@furnisight.store,Password123!
loadtest725@furnisight.store,Password123!
loadtest726@furnisight.store,Password123!
loadtest727@furnisight.store,Password123!
loadtest728@furnisight.store,Password123!
loadtest729@furnisight.store,Password123!
loadtest730@furnisight.store,Password123!
loadtest731@furnisight.store,Password123!
loadtest732@furnisight.store,Password123!
loadtest733@furnisight.store,Password123!
loadtest734@furnisight.store,Password123!
loadtest735@furnisight.store,Password123!
loadtest736@furnisight.store,Password123!
loadtest737@furnisight.store,Password123!
loadtest738@furnisight.store,Password123!
loadtest739@furnisight.store,Password123!
loadtest740@furnisight.store,Password123!
loadtest741@furnisight.store,Password123!
loadtest742@furnisight.store,Password123!
loadtest743@furnisight.store,Password123!
loadtest744@furnisight.store,Password123!
loadtest745@furnisight.store,Password123!
loadtest746@furnisight.store,Password123!
loadtest747@furnisight.store,Password123!
loadtest748@furnisight.store,Password123!
loadtest749@furnisight.store,Password123!
loadtest750@furnisight.store,Password123!
loadtest751@furnisight.store,Password123!
loadtest752@furnisight.store,Password123!
loadtest753@furnisight.store,Password123!
loadtest754@furnisight.store,Password123!
loadtest755@furnisight.store,Password123!
loadtest756@furnisight.store,Password123!
loadtest757@furnisight.store,Password123!
loadtest758@furnisight.store,Password123!
loadtest759@furnisight.store,Password123!
loadtest760@furnisight.store,Password123!
loadtest761@furnisight.store,Password123!
loadtest762@furnisight.store,Password123!
loadtest763@furnisight.store,Password123!
loadtest764@furnisight.store,Password123!
loadtest765@furnisight.store,Password123!
loadtest766@furnisight.store,Password123!
loadtest767@furnisight.store,Password123!
loadtest768@furnisight.store,Password123!
loadtest769@furnisight.store,Password123!
loadtest770@furnisight.store,Password123!
loadtest771@furnisight.store,Password123!
loadtest772@furnisight.store,Password123!
loadtest773@furnisight.store,Password123!
loadtest774@furnisight.store,Password123!
loadtest775@furnisight.store,Password123!
loadtest776@furnisight.store,Password123!
loadtest777@furnisight.store,Password123!
loadtest778@furnisight.store,Password123!
loadtest779@furnisight.store,Password123!
loadtest780@furnisight.store,Password123!
loadtest781@furnisight.store,Password123!
loadtest782@furnisight.store,Password123!
loadtest783@furnisight.store,Password123!
loadtest784@furnisight.store,Password123!
loadtest785@furnisight.store,Password123!
loadtest786@furnisight.store,Password123!
loadtest787@furnisight.store,Password123!
loadtest788@furnisight.store,Password123!
loadtest789@furnisight.store,Password123!
loadtest790@furnisight.store,Password123!
loadtest791@furnisight.store,Password123!
loadtest792@furnisight.store,Password123!
loadtest793@furnisight.store,Password123!
loadtest794@furnisight.store,Password123!
loadtest795@furnisight.store,Password123!
loadtest796@furnisight.store,Password123!
loadtest797@furnisight.store,Password123!
loadtest798@furnisight.store,Password123!
loadtest799@furnisight.store,Password123!
loadtest800@furnisight.store,Password123!
loadtest801@furnisight.store,Password123!
loadtest802@furnisight.store,Password123!
loadtest803@furnisight.store,Password123!
loadtest804@furnisight.store,Password123!
loadtest805@furnisight.store,Password123!
loadtest806@furnisight.store,Password123!
loadtest807@furnisight.store,Password123!
loadtest808@furnisight.store,Password123!
loadtest809@furnisight.store,Password123!
loadtest810@furnisight.store,Password123!
loadtest811@furnisight.store,Password123!
loadtest812@furnisight.store,Password123!
loadtest813@furnisight.store,Password123!
loadtest814@furnisight.store,Password123!
loadtest815@furnisight.store,Password123!
loadtest816@furnisight.store,Password123!
loadtest817@furnisight.store,Password123!
loadtest818@furnisight.store,Password123!
loadtest819@furnisight.store,Password123!
loadtest820@furnisight.store,Password123!
loadtest821@furnisight.store,Password123!
loadtest822@furnisight.store,Password123!
loadtest823@furnisight.store,Password123!
loadtest824@furnisight.store,Password123!
loadtest825@furnisight.store,Password123!
loadtest826@furnisight.store,Password123!
loadtest827@furnisight.store,Password123!
loadtest828@furnisight.store,Password123!
loadtest829@furnisight.store,Password123!
loadtest830@furnisight.store,Password123!
loadtest831@furnisight.store,Password123!
loadtest832@furnisight.store,Password123!
loadtest833@furnisight.store,Password123!
loadtest834@furnisight.store,Password123!
loadtest835@furnisight.store,Password123!
loadtest836@furnisight.store,Password123!
loadtest837@furnisight.store,Password123!
loadtest838@furnisight.store,Password123!
loadtest839@furnisight.store,Password123!
loadtest840@furnisight.store,Password123!
loadtest841@furnisight.store,Password123!
loadtest842@furnisight.store,Password123!
loadtest843@furnisight.store,Password123!
loadtest844@furnisight.store,Password123!
loadtest845@furnisight.store,Password123!
loadtest846@furnisight.store,Password123!
loadtest847@furnisight.store,Password123!
loadtest848@furnisight.store,Password123!
loadtest849@furnisight.store,Password123!
loadtest850@furnisight.store,Password123!
loadtest851@furnisight.store,Password123!
loadtest852@furnisight.store,Password123!
loadtest853@furnisight.store,Password123!
loadtest854@furnisight.store,Password123!
loadtest855@furnisight.store,Password123!
loadtest856@furnisight.store,Password123!
loadtest857@furnisight.store,Password123!
loadtest858@furnisight.store,Password123!
loadtest859@furnisight.store,Password123!
loadtest860@furnisight.store,Password123!
loadtest861@furnisight.store,Password123!
loadtest862@furnisight.store,Password123!
loadtest863@furnisight.store,Password123!
loadtest864@furnisight.store,Password123!
loadtest865@furnisight.store,Password123!
loadtest866@furnisight.store,Password123!
loadtest867@furnisight.store,Password123!
loadtest868@furnisight.store,Password123!
loadtest869@furnisight.store,Password123!
loadtest870@furnisight.store,Password123!
loadtest871@furnisight.store,Password123!
loadtest872@furnisight.store,Password123!
loadtest873@furnisight.store,Password123!
loadtest874@furnisight.store,Password123!
loadtest875@furnisight.store,Password123!
loadtest876@furnisight.store,Password123!
loadtest877@furnisight.store,Password123!
loadtest878@furnisight.store,Password123!
loadtest879@furnisight.store,Password123!
loadtest880@furnisight.store,Password123!
loadtest881@furnisight.store,Password123!
loadtest882@furnisight.store,Password123!
loadtest883@furnisight.store,Password123!
loadtest884@furnisight.store,Password123!
loadtest885@furnisight.store,Password123!
loadtest886@furnisight.store,Password123!
loadtest887@furnisight.store,Password123!
loadtest888@furnisight.store,Password123!
loadtest889@furnisight.store,Password123!
loadtest890@furnisight.store,Password123!
loadtest891@furnisight.store,Password123!
loadtest892@furnisight.store,Password123!
loadtest893@furnisight.store,Password123!
loadtest894@furnisight.store,Password123!
loadtest895@furnisight.store,Password123!
loadtest896@furnisight.store,Password123!
loadtest897@furnisight.store,Password123!
loadtest898@furnisight.store,Password123!
loadtest899@furnisight.store,Password123!
loadtest900@furnisight.store,Password123!
loadtest901@furnisight.store,Password123!
loadtest902@furnisight.store,Password123!
loadtest903@furnisight.store,Password123!
loadtest904@furnisight.store,Password123!
loadtest905@furnisight.store,Password123!
loadtest906@furnisight.store,Password123!
loadtest907@furnisight.store,Password123!
loadtest908@furnisight.store,Password123!
loadtest909@furnisight.store,Password123!
loadtest910@furnisight.store,Password123!
loadtest911@furnisight.store,Password123!
loadtest912@furnisight.store,Password123!
loadtest913@furnisight.store,Password123!
loadtest914@furnisight.store,Password123!
loadtest915@furnisight.store,Password123!
loadtest916@furnisight.store,Password123!
loadtest917@furnisight.store,Password123!
loadtest918@furnisight.store,Password123!
loadtest919@furnisight.store,Password123!
loadtest920@furnisight.store,Password123!
loadtest921@furnisight.store,Password123!
loadtest922@furnisight.store,Password123!
loadtest923@furnisight.store,Password123!
loadtest924@furnisight.store,Password123!
loadtest925@furnisight.store,Password123!
loadtest926@furnisight.store,Password123!
loadtest927@furnisight.store,Password123!
loadtest928@furnisight.store,Password123!
loadtest929@furnisight.store,Password123!
loadtest930@furnisight.store,Password123!
loadtest931@furnisight.store,Password123!
loadtest932@furnisight.store,Password123!
loadtest933@furnisight.store,Password123!
loadtest934@furnisight.store,Password123!
loadtest935@furnisight.store,Password123!
loadtest936@furnisight.store,Password123!
loadtest937@furnisight.store,Password123!
loadtest938@furnisight.store,Password123!
loadtest939@furnisight.store,Password123!
loadtest940@furnisight.store,Password123!
loadtest941@furnisight.store,Password123!
loadtest942@furnisight.store,Password123!
loadtest943@furnisight.store,Password123!
loadtest944@furnisight.store,Password123!
loadtest945@furnisight.store,Password123!
loadtest946@furnisight.store,Password123!
loadtest947@furnisight.store,Password123!
loadtest948@furnisight.store,Password123!
loadtest949@furnisight.store,Password123!
loadtest950@furnisight.store,Password123!
loadtest951@furnisight.store,Password123!
loadtest952@furnisight.store,Password123!
loadtest953@furnisight.store,Password123!
loadtest954@furnisight.store,Password123!
loadtest955@furnisight.store,Password123!
loadtest956@furnisight.store,Password123!
loadtest957@furnisight.store,Password123!
loadtest958@furnisight.store,Password123!
loadtest959@furnisight.store,Password123!
loadtest960@furnisight.store,Password123!
loadtest961@furnisight.store,Password123!
loadtest962@furnisight.store,Password123!
loadtest963@furnisight.store,Password123!
loadtest964@furnisight.store,Password123!
loadtest965@furnisight.store,Password123!
loadtest966@furnisight.store,Password123!
loadtest967@furnisight.store,Password123!
loadtest968@furnisight.store,Password123!
loadtest969@furnisight.store,Password123!
loadtest970@furnisight.store,Password123!
loadtest971@furnisight.store,Password123!
loadtest972@furnisight.store,Password123!
loadtest973@furnisight.store,Password123!
loadtest974@furnisight.store,Password123!
loadtest975@furnisight.store,Password123!
loadtest976@furnisight.store,Password123!
loadtest977@furnisight.store,Password123!
loadtest978@furnisight.store,Password123!
loadtest979@furnisight.store,Password123!
loadtest980@furnisight.store,Password123!
loadtest981@furnisight.store,Password123!
loadtest982@furnisight.store,Password123!
loadtest983@furnisight.store,Password123!
loadtest984@furnisight.store,Password123!
loadtest985@furnisight.store,Password123!
loadtest986@furnisight.store,Password123!
loadtest987@furnisight.store,Password123!
loadtest988@furnisight.store,Password123!
loadtest989@furnisight.store,Password123!
loadtest990@furnisight.store,Password123!
loadtest991@furnisight.store,Password123!
loadtest992@furnisight.store,Password123!
loadtest993@furnisight.store,Password123!
loadtest994@furnisight.store,Password123!
loadtest995@furnisight.store,Password123!
loadtest996@furnisight.store,Password123!
loadtest997@furnisight.store,Password123!
loadtest998@furnisight.store,Password123!
loadtest999@furnisight.store,Password123!
loadtest1000@furnisight.store,Password123!
