Link Google Drive (Cũ),Link Cloudinary (Mới)
https://drive.google.com/file/d/1zelnLSr5TtaImQy4v8FvpGjFjEACHhBr/view?usp=drive_link,https://res.cloudinary.com/dhqmtiaex/image/upload/v1785731205/furnisight/catalog/file_bjegat.jpg
https://drive.google.com/file/d/13ljVnaIA60bibs5O9YmcgvzBhHZttywA/view?usp=drive_link,https://res.cloudinary.com/dhqmtiaex/image/upload/v1785731209/furnisight/catalog/file_aioech.jpg
https://drive.google.com/file/d/1W9pEdlAZzMarVlfnEIZRIGEVuH8L0g3v/view?usp=drive_link,https://res.cloudinary.com/dhqmtiaex/image/upload/v1785731213/furnisight/catalog/file_fg7ski.jpg
https://drive.google.com/file/d/1Z_MognJT06qBFBBZKx8MFvncQJOj4DiV/view?usp=drive_link,https://res.cloudinary.com/dhqmtiaex/image/upload/v1785731217/furnisight/catalog/file_posvka.jpg
https://drive.google.com/file/d/1ocgH8kaXPvhWPAvqjIFDyX4H51MjHESk/view?usp=drive_link,https://res.cloudinary.com/dhqmtiaex/image/upload/v1785731220/furnisight/catalog/file_kfnzvv.jpg
https://drive.google.com/file/d/1u8jbsQQ8nfCQ1c5UM39TAy3voc4Yes-K/view?usp=drive_link,https://res.cloudinary.com/dhqmtiaex/image/upload/v1785731224/furnisight/catalog/file_ahlzq2.jpg
https://drive.google.com/file/d/14l4J-p6P43T8XZ8xoTrnL7kUCYKMOAgs/view?usp=drive_link,https://res.cloudinary.com/dhqmtiaex/image/upload/v1785731230/furnisight/catalog/file_lf4ezk.jpg
https://drive.google.com/file/d/1Eq63pat2MchzFqHFqdSV2HWMRR80j7Rw/view?usp=drive_link,https://res.cloudinary.com/dhqmtiaex/image/upload/v1785731234/furnisight/catalog/file_d1uj8b.jpg
https://drive.google.com/file/d/1kNqaN6u3CtPfBoKp-2jSKERWi3axifqF/view?usp=drive_link,https://res.cloudinary.com/dhqmtiaex/image/upload/v1785731239/furnisight/catalog/file_v2uxg2.jpg
https://drive.google.com/file/d/1wEe4TldoOg6FYJDz1XaaSLySvcNVGkeg/view?usp=drive_link,https://res.cloudinary.com/dhqmtiaex/image/upload/v1785731243/furnisight/catalog/file_facvad.jpg
https://drive.google.com/file/d/1jlPNDIRDbOzMaYNgw2anNbjjD_Wv625Z/view?usp=drive_link,https://res.cloudinary.com/dhqmtiaex/image/upload/v1785731247/furnisight/catalog/file_zfyj73.jpg
https://drive.google.com/file/d/1_4z39oUpUB7b6TECvaQ3mrZ89KaUePHL/view?usp=drive_link,https://res.cloudinary.com/dhqmtiaex/image/upload/v1785731251/furnisight/catalog/file_m70cii.jpg
https://drive.google.com/file/d/1RZnSDmpHAe-wWba61vEHUKPOOYNv-e7G/view?usp=drive_link,https://res.cloudinary.com/dhqmtiaex/image/upload/v1785731255/furnisight/catalog/file_fvfnth.jpg
https://drive.google.com/file/d/1czZU8SnyEuHQn0YSJWQ7keXvKdHNi8LO/view?usp=drive_link,https://res.cloudinary.com/dhqmtiaex/image/upload/v1785731259/furnisight/catalog/file_uszrue.jpg
https://drive.google.com/file/d/16l7i5k50ZzVMhGH9aqR2-9YREiV7_Mne/view?usp=drive_link,https://res.cloudinary.com/dhqmtiaex/image/upload/v1785731263/furnisight/catalog/file_zhuslb.jpg
https://drive.google.com/file/d/1PSORS1-mUimOdokEVfoJJAi8ND80QKmQ/view?usp=drive_link,https://res.cloudinary.com/dhqmtiaex/image/upload/v1785731267/furnisight/catalog/file_yiiu87.jpg
https://drive.google.com/file/d/1fJzU-UP4zG3-jj9UQyiQZeS-I2pnEopf/view?usp=drive_link,https://res.cloudinary.com/dhqmtiaex/image/upload/v1785731271/furnisight/catalog/file_fsmskh.jpg
https://drive.google.com/file/d/1hwtJeTpa5BWEaZzmYZKwwTF4HoU2hk3P/view?usp=drive_link,https://res.cloudinary.com/dhqmtiaex/image/upload/v1785731275/furnisight/catalog/file_luql3s.jpg
https://drive.google.com/file/d/1bebrtmcSFKdaQNHJ550mkC208U5yJ9m8/view?usp=drive_link,https://res.cloudinary.com/dhqmtiaex/image/upload/v1785731278/furnisight/catalog/file_ucfgyn.jpg
https://drive.google.com/file/d/1wqoC3jJLBUfN92YzFPiPh9TUcUVc4eLJ/view?usp=drive_link,https://res.cloudinary.com/dhqmtiaex/image/upload/v1785731281/furnisight/catalog/file_mpmmsz.jpg
https://drive.google.com/file/d/13iOGVnN7QZpg5v7wNDn8F2XXZzMBUoZl/view?usp=drive_link,https://res.cloudinary.com/dhqmtiaex/image/upload/v1785731285/furnisight/catalog/file_wavfgl.jpg
https://drive.google.com/file/d/1PI9a69wfMfZexB5LnLWM2EI4M7WQYtQ2/view?usp=drive_link,https://res.cloudinary.com/dhqmtiaex/image/upload/v1785731289/furnisight/catalog/file_hoch17.jpg
https://drive.google.com/file/d/1ypvmPPEWXWBYyZDPqjXkUdHwLbd-ZPpi/view?usp=drive_link,https://res.cloudinary.com/dhqmtiaex/image/upload/v1785731293/furnisight/catalog/file_k469rn.jpg
https://drive.google.com/file/d/1WQzQ2NZw6xirfJFSGTwT80_XDNZzSD7B/view?usp=drive_link,https://res.cloudinary.com/dhqmtiaex/image/upload/v1785731297/furnisight/catalog/file_h8fkwn.jpg
https://drive.google.com/file/d/1CGR9nnd3p3hqinbprc9HXEEmysvI1Obz/view?usp=drive_link,https://res.cloudinary.com/dhqmtiaex/image/upload/v1785731302/furnisight/catalog/file_choau0.jpg
https://drive.google.com/file/d/1eBKV2S9lBDmeuObiPsXhcAAOy0OtncYX/view?usp=drive_link,https://res.cloudinary.com/dhqmtiaex/image/upload/v1785731305/furnisight/catalog/file_jhm0mh.jpg
https://drive.google.com/file/d/13KgBIAtJVjoemGjjihKEM1Ysi8L-Hwga/view?usp=drive_link,https://res.cloudinary.com/dhqmtiaex/image/upload/v1785731309/furnisight/catalog/file_xxjh2k.jpg
https://drive.google.com/file/d/1uUH0EAEa5z_y59wgmC_sOrH_cIz9ZdjP/view?usp=drive_link,https://res.cloudinary.com/dhqmtiaex/image/upload/v1785731312/furnisight/catalog/file_vxqwu4.jpg
https://drive.google.com/file/d/1SsitcomKvghoJYVRt7fxpjQ-epvJFSpS/view?usp=drive_link,https://res.cloudinary.com/dhqmtiaex/image/upload/v1785731316/furnisight/catalog/file_rrcd3h.jpg
https://drive.google.com/file/d/19IlVW8dovpra7O866MYvIvR_XGfzFedj/view?usp=drive_link,https://res.cloudinary.com/dhqmtiaex/image/upload/v1785731320/furnisight/catalog/file_w9iazi.jpg
https://drive.google.com/file/d/1DoL5Be-KKfW7OvaeIz1_cLfYTJRpdJkq/view?usp=drive_link,https://res.cloudinary.com/dhqmtiaex/image/upload/v1785731324/furnisight/catalog/file_flzpsh.jpg
https://drive.google.com/file/d/14rwWoaztJXs_CymEjWQrG2Dv72SjEdU1/view?usp=drive_link,https://res.cloudinary.com/dhqmtiaex/image/upload/v1785731328/furnisight/catalog/file_qhxvpm.jpg
https://drive.google.com/file/d/1GACLTFBiWEu78Uu4A9VEL-SaHPbFK5hu/view?usp=drive_link,https://res.cloudinary.com/dhqmtiaex/image/upload/v1785731332/furnisight/catalog/file_zfn8lt.jpg
https://drive.google.com/file/d/1HHNmsfu7KIhzl3ZDPAMEcktzbltq8shl/view?usp=drive_link,https://res.cloudinary.com/dhqmtiaex/image/upload/v1785731336/furnisight/catalog/file_mkzdhd.jpg
https://drive.google.com/file/d/1GS_lUFssQMH2mAM66Qxq0LTLrYqZMzr2/view?usp=drive_link,https://res.cloudinary.com/dhqmtiaex/image/upload/v1785731341/furnisight/catalog/file_ldyrxs.jpg
https://drive.google.com/file/d/1KKbiSk3gBSmD2sk6hf4Df-6elety-zBe/view?usp=drive_link,https://res.cloudinary.com/dhqmtiaex/image/upload/v1785731344/furnisight/catalog/file_nb5ij2.jpg
https://drive.google.com/file/d/19uefmSezfMxDww02Y-8qPTboyZi1UKzv/view?usp=drive_link,https://res.cloudinary.com/dhqmtiaex/image/upload/v1785731349/furnisight/catalog/file_dtl14s.jpg
https://drive.google.com/file/d/1zYKBrp-6dF3BSmu1TBphXWTltEcS_7Sr/view?usp=drive_link,https://res.cloudinary.com/dhqmtiaex/image/upload/v1785731353/furnisight/catalog/file_uezp1e.jpg
https://drive.google.com/file/d/15w26wA3UHRJTk4M92szSIZFxttsRe2YV/view?usp=drive_link,https://res.cloudinary.com/dhqmtiaex/image/upload/v1785731357/furnisight/catalog/file_rto0s9.jpg
https://drive.google.com/file/d/1nJJCCN36shGiOnm4lG4fZvJF6Sic9r1O/view?usp=drive_link,https://res.cloudinary.com/dhqmtiaex/image/upload/v1785731360/furnisight/catalog/file_drvjed.jpg
https://drive.google.com/file/d/1RSn0Npx2fFy2SzS3whbgFlsMjF8nGOfv/view?usp=drive_link,https://res.cloudinary.com/dhqmtiaex/image/upload/v1785731364/furnisight/catalog/file_srneju.jpg
https://drive.google.com/file/d/1H67UNIy5owKVWFE0PMGKa9ZB-cnr02QE/view?usp=drive_link,https://res.cloudinary.com/dhqmtiaex/image/upload/v1785731368/furnisight/catalog/file_vksbmj.jpg
https://drive.google.com/file/d/1W5tVVjBqPl4WJsDSEpx3_FN5olW65sSP/view?usp=drive_link,https://res.cloudinary.com/dhqmtiaex/image/upload/v1785731373/furnisight/catalog/file_dbgatz.jpg
https://drive.google.com/file/d/1GTvTD20Zk0lXIrhxcieCWJic4QsUXICm/view?usp=drive_link,https://res.cloudinary.com/dhqmtiaex/image/upload/v1785731377/furnisight/catalog/file_i6pruk.jpg
https://drive.google.com/file/d/1AoY8rk6PcSCzsRLDyyp26paBW_I-P-gL/view?usp=drive_link,https://res.cloudinary.com/dhqmtiaex/image/upload/v1785731381/furnisight/catalog/file_syschr.jpg
https://drive.google.com/file/d/18A17UU4q5FpFcPTZ2CYdKpeJKxOowfqN/view?usp=drive_link,https://res.cloudinary.com/dhqmtiaex/image/upload/v1785731384/furnisight/catalog/file_fzowsz.jpg
https://drive.google.com/file/d/1jYogYMJmV6doqOEnYKdbfhcVmcf877n9/view?usp=drive_link,https://res.cloudinary.com/dhqmtiaex/image/upload/v1785731388/furnisight/catalog/file_lcwiev.jpg
https://drive.google.com/file/d/1GYYbrdDy8DCk2fJBvjvxTIjQnBuqmx2i/view?usp=drive_link,https://res.cloudinary.com/dhqmtiaex/image/upload/v1785731392/furnisight/catalog/file_ccyjxo.jpg
https://drive.google.com/file/d/1vsYHby2L0x5wESgzuHIzvcg5kXRx23_9/view?usp=drive_link,https://res.cloudinary.com/dhqmtiaex/image/upload/v1785731396/furnisight/catalog/file_stfozr.jpg
https://drive.google.com/file/d/1kUyz5_jROlNYbkhq65q3pSs1Px1rERBo/view?usp=drive_link,https://res.cloudinary.com/dhqmtiaex/image/upload/v1785731399/furnisight/catalog/file_me6dl0.jpg
https://drive.google.com/file/d/1JW9XC3PrAIIzRb-U8csOcKcAW7M6ig8k/view?usp=drive_link,https://res.cloudinary.com/dhqmtiaex/image/upload/v1785731403/furnisight/catalog/file_uasbtp.jpg
https://drive.google.com/file/d/1ivCYbEQjBh1eeW3G6KAjKuxqfL9UO9hJ/view?usp=drive_link,https://res.cloudinary.com/dhqmtiaex/image/upload/v1785731406/furnisight/catalog/file_t6mf1l.jpg
https://drive.google.com/file/d/1QDABEqkXdPyuK9r0z0vm3K7V9tWu96O3/view?usp=drive_link,https://res.cloudinary.com/dhqmtiaex/image/upload/v1785731411/furnisight/catalog/file_eeumnq.jpg
https://drive.google.com/file/d/160bpdS44EdLeoorGvkeN4Q9FdZD5DKfW/view?usp=drive_link,https://res.cloudinary.com/dhqmtiaex/image/upload/v1785731414/furnisight/catalog/file_uf9tkw.jpg
https://drive.google.com/file/d/1Fr1fwGTbFMYSa0DYuEX8u0y9YTzNRd4Y/view?usp=drive_link,https://res.cloudinary.com/dhqmtiaex/image/upload/v1785731418/furnisight/catalog/file_jvn9da.jpg
https://drive.google.com/file/d/1WyojYe7rPD4ccgCo80xpLHzllbUsmmCf/view?usp=drive_link,https://res.cloudinary.com/dhqmtiaex/image/upload/v1785731422/furnisight/catalog/file_sqccpe.jpg
https://drive.google.com/file/d/1KgtGWNKAMHMlCpPnzN6yK7MnnS2frr5a/view?usp=drive_link,https://res.cloudinary.com/dhqmtiaex/image/upload/v1785731426/furnisight/catalog/file_gugrxq.jpg
https://drive.google.com/file/d/19Dq2t-PnRGzvbo4IkAPBIZT-46WigeCc/view?usp=drive_link,https://res.cloudinary.com/dhqmtiaex/image/upload/v1785731431/furnisight/catalog/file_zuxhlb.jpg
https://drive.google.com/file/d/17XKX--eGPSR1vIr8HNrdCVXL5AYgBWVS/view?usp=drive_link,https://res.cloudinary.com/dhqmtiaex/image/upload/v1785731435/furnisight/catalog/file_rlqkun.jpg
https://drive.google.com/file/d/1OvRb65NpQp1BLjQU96lCKn-JJsKvlkdd/view?usp=drive_link,https://res.cloudinary.com/dhqmtiaex/image/upload/v1785731439/furnisight/catalog/file_emnmha.jpg
https://drive.google.com/file/d/14qYrVGH4XfOv-ihKqPF7gHhVabOBh2zF/view?usp=drive_link,https://res.cloudinary.com/dhqmtiaex/image/upload/v1785731443/furnisight/catalog/file_msejcu.jpg
https://drive.google.com/file/d/1TLNF4KuqLfhslvzsBwJOH1jYT7LBDLbX/view?usp=drive_link,https://res.cloudinary.com/dhqmtiaex/image/upload/v1785731447/furnisight/catalog/file_ytbczq.jpg
https://drive.google.com/file/d/1Z4DtOzaa_xwJami-ZUOSpzYAaeRFvM38/view?usp=drive_link,https://res.cloudinary.com/dhqmtiaex/image/upload/v1785731451/furnisight/catalog/file_r2axow.jpg
https://drive.google.com/file/d/1TVoeXSpIe_vKexC_pqDeHkQPd2rr5roV/view?usp=drive_link,https://res.cloudinary.com/dhqmtiaex/image/upload/v1785731455/furnisight/catalog/file_qwpl5o.jpg
https://drive.google.com/file/d/1Fztr0nocIT_bJDXE9wPhpLAwS7p5sPVQ/view?usp=drive_link,https://res.cloudinary.com/dhqmtiaex/image/upload/v1785731460/furnisight/catalog/file_lwgtoe.jpg
https://drive.google.com/file/d/1nqa8xUa5CcYvsAz79mkgkMSUUeQ_m0JG/view?usp=drive_link,https://res.cloudinary.com/dhqmtiaex/image/upload/v1785731464/furnisight/catalog/file_t1djvl.jpg
https://drive.google.com/file/d/1eW0dRjR3GrCiwtrGSYTg1oRBqwFhXwFL/view?usp=drive_link,https://res.cloudinary.com/dhqmtiaex/image/upload/v1785731468/furnisight/catalog/file_vl69zo.jpg
https://drive.google.com/file/d/10-lgp9NhuIZlijuPF5MErskFcXBaoql7/view?usp=drive_link,https://res.cloudinary.com/dhqmtiaex/image/upload/v1785731471/furnisight/catalog/file_p1dnkc.jpg
https://drive.google.com/file/d/1AwiT2fA7BZsFPkt6llU7LgD9LJMfM5Uk/view?usp=drive_link,https://res.cloudinary.com/dhqmtiaex/image/upload/v1785731476/furnisight/catalog/file_o9ghjq.jpg
https://drive.google.com/file/d/1Gh9B6xwxeswTMX5KrIHnATJwmgbTe5o9/view?usp=drive_link,https://res.cloudinary.com/dhqmtiaex/image/upload/v1785731479/furnisight/catalog/file_pannzh.jpg
https://drive.google.com/file/d/1Sv_XWOGbz1SjJyBhuJWAoiqLSGvm_wYQ/view?usp=drive_link,https://res.cloudinary.com/dhqmtiaex/image/upload/v1785731483/furnisight/catalog/file_glcukb.jpg
https://drive.google.com/file/d/1gkTiZXGbZfIkhtftdUJlBoBk_VXkivm7/view?usp=drive_link,https://res.cloudinary.com/dhqmtiaex/image/upload/v1785731487/furnisight/catalog/file_hnoiyg.jpg
https://drive.google.com/file/d/1Juea0WLWioBpGcAmV9ZERBi9QyuYysCD/view?usp=drive_link,https://res.cloudinary.com/dhqmtiaex/image/upload/v1785731491/furnisight/catalog/file_r31iu4.jpg
https://drive.google.com/file/d/1j3hYYW_QPwTpyuILNWVsXWdPS-Lg-Vc8/view?usp=drive_link,https://res.cloudinary.com/dhqmtiaex/image/upload/v1785731494/furnisight/catalog/file_kucmjp.jpg
https://drive.google.com/file/d/1JQQn4ja-0_yPHRL4RBFXaQWK_ZYVX31P/view?usp=drive_link,https://res.cloudinary.com/dhqmtiaex/image/upload/v1785731499/furnisight/catalog/file_jhqi8p.jpg
https://drive.google.com/file/d/1D9Ybz6yel_QYPai5cU0pd1TIljcIq56W/view?usp=drive_link,https://res.cloudinary.com/dhqmtiaex/image/upload/v1785731503/furnisight/catalog/file_boighq.jpg
https://drive.google.com/file/d/1hCpXvNQ5PCCtaTlAb2xb_FY3t0BenOC4/view?usp=drive_link,https://res.cloudinary.com/dhqmtiaex/image/upload/v1785731507/furnisight/catalog/file_l0m4gp.jpg
https://drive.google.com/file/d/1yFZc46sHNV-DERrJp2y_MYFNI-S9iH7-/view?usp=drive_link,https://res.cloudinary.com/dhqmtiaex/image/upload/v1785731511/furnisight/catalog/file_aq48sr.jpg
https://drive.google.com/file/d/1MqpSzRqO5iWd0HnNEdJkgfz4Kgya8jgf/view?usp=drive_link,https://res.cloudinary.com/dhqmtiaex/image/upload/v1785731514/furnisight/catalog/file_miu2m2.jpg
https://drive.google.com/file/d/1VJXl1fVIGMaXwwTDmPAwWrTt0r9EpbNU/view?usp=drive_link,https://res.cloudinary.com/dhqmtiaex/image/upload/v1785731519/furnisight/catalog/file_gq6ts3.jpg
https://drive.google.com/file/d/1X6haJq4Jkt4vtgI7TLbcIVjB347WHVq7/view?usp=drive_link,https://res.cloudinary.com/dhqmtiaex/image/upload/v1785731522/furnisight/catalog/file_td37ms.jpg
https://drive.google.com/file/d/1oWohLLt0K1gQXev85jvSRQZR1ubzkzZp/view?usp=drive_link,https://res.cloudinary.com/dhqmtiaex/image/upload/v1785731527/furnisight/catalog/file_eborak.jpg
https://drive.google.com/file/d/1dGjKjFDoL_lrJ_jeQjHoA3oOYm-p6PH6/view?usp=drive_link,https://res.cloudinary.com/dhqmtiaex/image/upload/v1785731532/furnisight/catalog/file_evq7kl.jpg
https://drive.google.com/file/d/1GN-USQQ8BU9bHljrywWtQuGja1UxNHNK/view?usp=drive_link,https://res.cloudinary.com/dhqmtiaex/image/upload/v1785731536/furnisight/catalog/file_uwptsp.jpg
https://drive.google.com/file/d/1PpU6BmmR8h7oGL2uUFwKr-3QRWiQb5sa/view?usp=drive_link,https://res.cloudinary.com/dhqmtiaex/image/upload/v1785731540/furnisight/catalog/file_puwzaw.jpg
https://drive.google.com/file/d/12sD-XlG03L9ttzmDYqlJ9VbV9y2m8PBI/view?usp=drive_link,https://res.cloudinary.com/dhqmtiaex/image/upload/v1785731543/furnisight/catalog/file_wr9mg6.jpg
https://drive.google.com/file/d/1jcI7Zf1xe0XGq28ukyDTjAF-wc6Am7R-/view?usp=drive_link,https://res.cloudinary.com/dhqmtiaex/image/upload/v1785731548/furnisight/catalog/file_tvasse.jpg
https://drive.google.com/file/d/1is9luj3stbyg6QbpyIaBKpcIiAc96bOm/view?usp=drive_link,https://res.cloudinary.com/dhqmtiaex/image/upload/v1785731552/furnisight/catalog/file_pchmz1.jpg
https://drive.google.com/file/d/1c1qxu9fOs85pKhm9YZ-dAWfs-xiGyfyn/view?usp=drive_link,https://res.cloudinary.com/dhqmtiaex/image/upload/v1785731556/furnisight/catalog/file_jhhgq5.jpg
https://drive.google.com/file/d/1DJPCtiXEdvGvDk62bvENzLNOdokgikwq/view?usp=drive_link,https://res.cloudinary.com/dhqmtiaex/image/upload/v1785731560/furnisight/catalog/file_qhmqvs.jpg
https://drive.google.com/file/d/1V3M4XKppgpiFKFZcTAmjK-g5WaCvdVWg/view?usp=drive_link,https://res.cloudinary.com/dhqmtiaex/image/upload/v1785731564/furnisight/catalog/file_gnqezh.jpg
https://drive.google.com/file/d/1EKJRIoAt0lH6pOhr8NM2fF5FYfpY6Riv/view?usp=drive_link,https://res.cloudinary.com/dhqmtiaex/image/upload/v1785731569/furnisight/catalog/file_rwemoj.jpg
https://drive.google.com/file/d/1uVRnLCPiIXWLGHm36WZAG99fEKU4HcOy/view?usp=drive_link,https://res.cloudinary.com/dhqmtiaex/image/upload/v1785731573/furnisight/catalog/file_owzs5k.jpg
https://drive.google.com/file/d/12QBUn9lOO6oAZ7i1I4hOypyhaSqwbLnZ/view?usp=drive_link,https://res.cloudinary.com/dhqmtiaex/image/upload/v1785731577/furnisight/catalog/file_zkz7sp.jpg
https://drive.google.com/file/d/1IwtyE3_QmHKaESOxc5Kme4NGAaiNuoOY/view?usp=drive_link,https://res.cloudinary.com/dhqmtiaex/image/upload/v1785731582/furnisight/catalog/file_uvnp7s.jpg
https://drive.google.com/file/d/1K9xam-o0HVXzVVOGdI3ecz4vJBgsMccS/view?usp=drive_link,https://res.cloudinary.com/dhqmtiaex/image/upload/v1785731586/furnisight/catalog/file_mejxgm.jpg
https://drive.google.com/file/d/1NPXbG15_Z8SfExDoBtbHp29Rg7hqzKi_/view?usp=drive_link,https://res.cloudinary.com/dhqmtiaex/image/upload/v1785731590/furnisight/catalog/file_xv8vua.jpg
https://drive.google.com/file/d/1UIhweGsGkoceexBZNITfXYFn57C1pxcr/view?usp=drive_link,https://res.cloudinary.com/dhqmtiaex/image/upload/v1785731594/furnisight/catalog/file_t2f6fp.jpg
https://drive.google.com/file/d/1dDwSAP-NHQAXYFREFaglqG7f2-7OaAMx/view?usp=drive_link,https://res.cloudinary.com/dhqmtiaex/image/upload/v1785731598/furnisight/catalog/file_sverkv.jpg
https://drive.google.com/file/d/14UsXtKmNqd8UkkpfrPJsjvsvKT-219x3/view?usp=drive_link,https://res.cloudinary.com/dhqmtiaex/image/upload/v1785731602/furnisight/catalog/file_k89byw.jpg
https://drive.google.com/file/d/1V8NzeTONhIOx0riPb6JSsxamcIyxjtWE/view?usp=drive_link,https://res.cloudinary.com/dhqmtiaex/image/upload/v1785731607/furnisight/catalog/file_nkwh6s.jpg
https://drive.google.com/file/d/1BVp5KChUU2pHHeRiBfP67ne92370J1ph/view?usp=drive_link,https://res.cloudinary.com/dhqmtiaex/image/upload/v1785731611/furnisight/catalog/file_eaefp6.jpg
https://drive.google.com/file/d/1Axql4ScLWpcE8t_6pdA-4oL_NEVTZ6tV/view?usp=drive_link,https://res.cloudinary.com/dhqmtiaex/image/upload/v1785731614/furnisight/catalog/file_gn4r8e.jpg
https://drive.google.com/file/d/1s0ruWiJafTG3pfgjl2cmwsd5ooY24KT9/view?usp=drive_link,https://res.cloudinary.com/dhqmtiaex/image/upload/v1785731619/furnisight/catalog/file_vd2iow.jpg
https://drive.google.com/file/d/11sLrA3TId7b3fMar6yygttITT4u8DxFr/view?usp=drive_link,https://res.cloudinary.com/dhqmtiaex/image/upload/v1785731623/furnisight/catalog/file_xcs9zy.jpg
https://drive.google.com/file/d/12q0IwDZ53bf2zBcqxn_wDlRVZK2UI444/view?usp=drive_link,https://res.cloudinary.com/dhqmtiaex/image/upload/v1785731628/furnisight/catalog/file_cec8kn.jpg
https://drive.google.com/file/d/1F635TNo8t4BbyQ2WdeVhRcmJoWfp24bA/view?usp=drive_link,https://res.cloudinary.com/dhqmtiaex/image/upload/v1785731632/furnisight/catalog/file_fgfn9m.jpg
https://drive.google.com/file/d/12TBYdsn4FENPOzZD9bsYunZfoCWVuPQI/view?usp=drive_link,https://res.cloudinary.com/dhqmtiaex/image/upload/v1785731636/furnisight/catalog/file_dzjev2.jpg
https://drive.google.com/file/d/1fsGbOgNbtiZACFg0__L08N38RPCznyui/view?usp=drive_link,https://res.cloudinary.com/dhqmtiaex/image/upload/v1785731640/furnisight/catalog/file_hbsxyk.jpg
https://drive.google.com/file/d/1b5cn74GjduOH7O4UqtaYWBrH35tHj5i4/view?usp=drive_link,https://res.cloudinary.com/dhqmtiaex/image/upload/v1785731645/furnisight/catalog/file_ggcepp.jpg
https://drive.google.com/file/d/1fFkgPZQckflujjn9DBTOhS8tsklFQK8W/view?usp=drive_link,https://res.cloudinary.com/dhqmtiaex/image/upload/v1785731649/furnisight/catalog/file_sawguk.jpg
https://drive.google.com/file/d/10cpDlT_ELi9nbvlQitWDomK6KapDnnNa/view?usp=drive_link,https://res.cloudinary.com/dhqmtiaex/image/upload/v1785731653/furnisight/catalog/file_hfj4te.jpg
https://drive.google.com/file/d/1OA11S-yuS39K7Q0rZFkzkCL0GTETFTOJ/view?usp=drive_link,https://res.cloudinary.com/dhqmtiaex/image/upload/v1785731657/furnisight/catalog/file_naaonx.jpg
https://drive.google.com/file/d/10aD75ORTOFv-3-Ynf9uG6952VzXjqimH/view?usp=drive_link,https://res.cloudinary.com/dhqmtiaex/image/upload/v1785731661/furnisight/catalog/file_ex5ljz.jpg
https://drive.google.com/file/d/1orX2cQBJ4vrXymj3DpQ2w2FQqwINUzuB/view?usp=drive_link,https://res.cloudinary.com/dhqmtiaex/image/upload/v1785731665/furnisight/catalog/file_ayw7tv.jpg
https://drive.google.com/file/d/1uGFS4xDETqYn_e9xNkFCynODyYT-a0cw/view?usp=drive_link,https://res.cloudinary.com/dhqmtiaex/image/upload/v1785731668/furnisight/catalog/file_ejoald.jpg
https://drive.google.com/file/d/1yWIo-Z2ZD-aNjpiqD9LWrRmHuNlQYOxa/view?usp=drive_link,https://res.cloudinary.com/dhqmtiaex/image/upload/v1785731673/furnisight/catalog/file_skhgjr.jpg
https://drive.google.com/file/d/1gEmGmtrQxM01hJT1Dz8rUS0KQ3MKkvMh/view?usp=drive_link,https://res.cloudinary.com/dhqmtiaex/image/upload/v1785731676/furnisight/catalog/file_n2tegn.jpg
https://drive.google.com/file/d/1TE0_zubmwxzDCiP0Gjz2j5kdTyC5AeSr/view?usp=drive_link,https://res.cloudinary.com/dhqmtiaex/image/upload/v1785731679/furnisight/catalog/file_p2ijir.jpg
https://drive.google.com/file/d/1QaB_ZNhp-xe9oP2yzdbUMPISo_BwfiSk/view?usp=drive_link,https://res.cloudinary.com/dhqmtiaex/image/upload/v1785731683/furnisight/catalog/file_yig5dq.jpg
https://drive.google.com/file/d/18jqLFZxCe_cSU-DH18rlf2zcdTpEKSKp/view?usp=drive_link,https://res.cloudinary.com/dhqmtiaex/image/upload/v1785731686/furnisight/catalog/file_m6e1qp.jpg
https://drive.google.com/file/d/1KWkac5HXkyNcYCdqVPtrfXFhryYtIh37/view?usp=drive_link,https://res.cloudinary.com/dhqmtiaex/image/upload/v1785731691/furnisight/catalog/file_acs5yq.jpg
https://drive.google.com/file/d/12fg8QVbscNZoCOq6FSzdjPXD1gGViazD/view?usp=drive_link,https://res.cloudinary.com/dhqmtiaex/image/upload/v1785731700/furnisight/catalog/file_zu0g3o.jpg
https://drive.google.com/file/d/13InUJi4nJeHOANuhhtDd7ZjiUu8tCwPJ/view?usp=drive_link,https://res.cloudinary.com/dhqmtiaex/image/upload/v1785731703/furnisight/catalog/file_zx2zzj.jpg
https://drive.google.com/file/d/1wQifAQ6g1Mxka-QPLTd0jmr47W6sPxcs/view?usp=drive_link,https://res.cloudinary.com/dhqmtiaex/image/upload/v1785731707/furnisight/catalog/file_g4iyjw.jpg
https://drive.google.com/file/d/1Qwwf62NYvK-5nlyFCNw052ZtZ9LlxLEF/view?usp=drive_link,https://res.cloudinary.com/dhqmtiaex/image/upload/v1785731711/furnisight/catalog/file_mbvywr.jpg
https://drive.google.com/file/d/1xGgmUSR7je28DYZKFSrIuhHt3gorlclS/view?usp=drive_link,https://res.cloudinary.com/dhqmtiaex/image/upload/v1785731715/furnisight/catalog/file_cw5oou.jpg
https://drive.google.com/file/d/1bcANOceQYCtl1-dXtmyghd2Tjt4ex0KV/view?usp=drive_link,https://res.cloudinary.com/dhqmtiaex/image/upload/v1785731718/furnisight/catalog/file_sib4ui.jpg
https://drive.google.com/file/d/1aAi8jizrpp4VXrevqUUHdcVsK_ImtFGd/view?usp=drive_link,https://res.cloudinary.com/dhqmtiaex/image/upload/v1785731722/furnisight/catalog/file_x2kbyq.jpg
https://drive.google.com/file/d/1IHc7_OaBxowqx7tPiCcnHqYZ28OyQBza/view?usp=drive_link,https://res.cloudinary.com/dhqmtiaex/image/upload/v1785731727/furnisight/catalog/file_czchz9.jpg
https://drive.google.com/file/d/1vzz1lsakrXtPnqwFJCPtXcoqTDALQPAE/view?usp=drive_link,https://res.cloudinary.com/dhqmtiaex/image/upload/v1785731731/furnisight/catalog/file_mfbv0z.jpg
https://drive.google.com/file/d/1F6dAj7tMCKemvZ577nMybBFgb1Pk-Rcx/view?usp=drive_link,https://res.cloudinary.com/dhqmtiaex/image/upload/v1785731735/furnisight/catalog/file_xltffx.jpg
https://drive.google.com/file/d/1IZcqDWTQT5xnKcs3pNykZUpytq7Mc5pu/view?usp=drive_link,https://res.cloudinary.com/dhqmtiaex/image/upload/v1785731739/furnisight/catalog/file_tkmbk0.jpg
https://drive.google.com/file/d/1xlacuoJs3ExGRFyjSVWgu3hfYJZdhZ2X/view?usp=drive_link,https://res.cloudinary.com/dhqmtiaex/image/upload/v1785731742/furnisight/catalog/file_d5bxy0.jpg
https://drive.google.com/file/d/1cwR4jJHsgvRA2kpBPKR1PuNGFzgwPD7I/view?usp=drive_link,https://res.cloudinary.com/dhqmtiaex/image/upload/v1785731747/furnisight/catalog/file_mcupud.jpg
https://drive.google.com/file/d/1vJQ2I1kTKJHVMaIeTSjdGWTS9tdDA8vC/view?usp=drive_link,https://res.cloudinary.com/dhqmtiaex/image/upload/v1785731751/furnisight/catalog/file_xhru4r.jpg
https://drive.google.com/file/d/1sHfjxiwhpQPON4avgfqLaNWmxxgjDfAq/view?usp=drive_link,https://res.cloudinary.com/dhqmtiaex/image/upload/v1785731755/furnisight/catalog/file_aguqq7.jpg
https://drive.google.com/file/d/14Ck_rqIYoaNlj-nzxxcpINwbtqgTC1iN/view?usp=drive_link,https://res.cloudinary.com/dhqmtiaex/image/upload/v1785731759/furnisight/catalog/file_vzihl7.jpg
https://drive.google.com/file/d/1OGxbpblPM1y0P7ZHC4-ageO9eXMb9EV9/view?usp=drive_link,https://res.cloudinary.com/dhqmtiaex/image/upload/v1785731763/furnisight/catalog/file_pwkebe.jpg
https://drive.google.com/file/d/1gez758IRB1P8rzzEw3IFSu8wLtfmleef/view?usp=drive_link,https://res.cloudinary.com/dhqmtiaex/image/upload/v1785731766/furnisight/catalog/file_y5lix4.jpg
https://drive.google.com/file/d/1wXwjML7lbqQF8Bqet1gAsoh0DIPEpTWE/view?usp=drive_link,https://res.cloudinary.com/dhqmtiaex/image/upload/v1785731770/furnisight/catalog/file_pi5qhx.jpg
https://drive.google.com/file/d/10TWn8I0E2wVPNdGhMviA-QYL7qpnuTJS/view?usp=drive_link,https://res.cloudinary.com/dhqmtiaex/image/upload/v1785731773/furnisight/catalog/file_rornoz.jpg
https://drive.google.com/file/d/1fdT9z2aZzC8Pv-KpFRazU0ILDgXos2Ik/view?usp=drive_link,https://res.cloudinary.com/dhqmtiaex/image/upload/v1785731778/furnisight/catalog/file_vazqv1.jpg
https://drive.google.com/file/d/1IhyANjDlHNH0RoL67wYfZuwzC9aTJDeU/view?usp=drive_link,https://res.cloudinary.com/dhqmtiaex/image/upload/v1785731782/furnisight/catalog/file_maswal.jpg
https://drive.google.com/file/d/1haaSCHH9sIU6jLuNVKzYEm6zSuS_xuRh/view?usp=drive_link,https://res.cloudinary.com/dhqmtiaex/image/upload/v1785731786/furnisight/catalog/file_hjzc5w.jpg
https://drive.google.com/file/d/16WU-OFh_m6fdBE3EnJYizPnhkreefhVt/view?usp=drive_link,https://res.cloudinary.com/dhqmtiaex/image/upload/v1785731789/furnisight/catalog/file_vgqvug.jpg
https://drive.google.com/file/d/1Mksw4q1yU2QkBLyWOlAcLF6e1ob274IE/view?usp=drive_link,https://res.cloudinary.com/dhqmtiaex/image/upload/v1785731793/furnisight/catalog/file_onum7n.jpg
https://drive.google.com/file/d/1yUQsvCu402pctoQy8pmDbI-aHPYCjLFp/view?usp=drive_link,https://res.cloudinary.com/dhqmtiaex/image/upload/v1785731798/furnisight/catalog/file_lfetwv.jpg
https://drive.google.com/file/d/1ZhcatZ9YY-g4BXRy2IbGNdkR2RI0i27N/view?usp=drive_link,https://res.cloudinary.com/dhqmtiaex/image/upload/v1785731801/furnisight/catalog/file_djhbfw.jpg
https://drive.google.com/file/d/1ym76Ug0cB5U8jxOL32MQdLQQxkzqSbGz/view?usp=drive_link,https://res.cloudinary.com/dhqmtiaex/image/upload/v1785731805/furnisight/catalog/file_peuwff.jpg
https://drive.google.com/file/d/1xnrHBZRiswFDouCRiwogYFWzrSA74npz/view?usp=drive_link,https://res.cloudinary.com/dhqmtiaex/image/upload/v1785731809/furnisight/catalog/file_h1ibz8.jpg
https://drive.google.com/file/d/1N_2DZxUAWuQyf4fGfsS1kqcLnYFWOFG7/view?usp=drive_link,https://res.cloudinary.com/dhqmtiaex/image/upload/v1785731813/furnisight/catalog/file_pm8ets.jpg
https://drive.google.com/file/d/12TdUMw_SCvUaOxLXpiQteXAxeqSo4oe9/view?usp=drive_link,https://res.cloudinary.com/dhqmtiaex/image/upload/v1785731817/furnisight/catalog/file_yte2id.jpg
https://drive.google.com/file/d/1mwvV_vWudOUmixMp7dukdiABg-YVUwR0/view?usp=drive_link,https://res.cloudinary.com/dhqmtiaex/image/upload/v1785731821/furnisight/catalog/file_bzoeyj.jpg
https://drive.google.com/file/d/112FH-EgPMmdSnJOOLEf0bRK9GnwmcyRD/view?usp=drive_link,https://res.cloudinary.com/dhqmtiaex/image/upload/v1785731824/furnisight/catalog/file_mez8pd.jpg
https://drive.google.com/file/d/1Qe26qqG-4uI50szgLTRN1tdf0SpCeDRu/view?usp=drive_link,https://res.cloudinary.com/dhqmtiaex/image/upload/v1785731830/furnisight/catalog/file_mdr9gy.jpg
https://drive.google.com/file/d/1KBvRpn-7InBfqsXUYIX_nVEyj5uWDAWX/view?usp=drive_link,https://res.cloudinary.com/dhqmtiaex/image/upload/v1785731833/furnisight/catalog/file_baktfi.jpg
https://drive.google.com/file/d/1qqPLvKnyeXnnOnpVwoTBs6sh_YmXcC-4/view?usp=drive_link,https://res.cloudinary.com/dhqmtiaex/image/upload/v1785731838/furnisight/catalog/file_qfnzw5.jpg
https://drive.google.com/file/d/1R-yVxo47AwH16OH5OAWoptsL863602Hz/view?usp=drive_link,https://res.cloudinary.com/dhqmtiaex/image/upload/v1785731841/furnisight/catalog/file_pi8xtz.jpg
https://drive.google.com/file/d/1ssQGvrW6MxzsWCEpqIQprGk6s851MZd7/view?usp=drive_link,https://res.cloudinary.com/dhqmtiaex/image/upload/v1785731845/furnisight/catalog/file_cljequ.jpg
https://drive.google.com/file/d/1DqPzMbAe7ybaOaajZ_yUHpheRVWe6_PL/view?usp=drive_link,https://res.cloudinary.com/dhqmtiaex/image/upload/v1785731849/furnisight/catalog/file_jrgpoc.jpg
https://drive.google.com/file/d/143uHSILaaepIbYpNHjUjTBKG_10ehe-K/view?usp=drive_link,https://res.cloudinary.com/dhqmtiaex/image/upload/v1785731853/furnisight/catalog/file_zozete.jpg
https://drive.google.com/file/d/1YvICAPXvGu6ghOZ0_vDdw6tvZenKElPr/view?usp=drive_link,https://res.cloudinary.com/dhqmtiaex/image/upload/v1785731857/furnisight/catalog/file_j1zogh.jpg
https://drive.google.com/file/d/19r3l8xYbkfkmabQZJJB6CZLzob_HCH4B/view?usp=drive_link,https://res.cloudinary.com/dhqmtiaex/image/upload/v1785731862/furnisight/catalog/file_kodmwe.jpg
https://drive.google.com/file/d/18Rqr3XUQDdS88viN57odZ-UBrh-kKuEH/view?usp=drive_link,https://res.cloudinary.com/dhqmtiaex/image/upload/v1785731865/furnisight/catalog/file_wfonhs.jpg
https://drive.google.com/file/d/1QY0v-yZUTqA4qsT7D4df91HBHBGE_Ww0/view?usp=drive_link,https://res.cloudinary.com/dhqmtiaex/image/upload/v1785731869/furnisight/catalog/file_pqmjln.jpg
https://drive.google.com/file/d/1TE2oNtonrbdNL2-qKkX1GoH1HbbxQ3ng/view?usp=drive_link,https://res.cloudinary.com/dhqmtiaex/image/upload/v1785731873/furnisight/catalog/file_z60agj.jpg
https://drive.google.com/file/d/1DboY4qFdLXYgmDz8ZUQVEZ2Ddk18lbR_/view?usp=drive_link,https://res.cloudinary.com/dhqmtiaex/image/upload/v1785731877/furnisight/catalog/file_ma16cy.jpg
https://drive.google.com/file/d/17hwjauU5poJ2OZOrB-rbCfoAAT9D2IBt/view?usp=drive_link,https://res.cloudinary.com/dhqmtiaex/image/upload/v1785731881/furnisight/catalog/file_orp4lr.jpg
https://drive.google.com/file/d/1nhaINS2mF69fA3_FB42GUMgyBl7Mv9rw/view?usp=drive_link,https://res.cloudinary.com/dhqmtiaex/image/upload/v1785731885/furnisight/catalog/file_amz6rd.jpg
https://drive.google.com/file/d/1Qnu5p2HN9b5npoKIPPSYwv4VEcdJ3dFI/view?usp=drive_link,https://res.cloudinary.com/dhqmtiaex/image/upload/v1785731889/furnisight/catalog/file_lfmxqn.jpg
https://drive.google.com/file/d/12zQUPd6rqNeU0fjozhbpOpYi9E0ZiqY9/view?usp=drive_link,https://res.cloudinary.com/dhqmtiaex/image/upload/v1785731893/furnisight/catalog/file_o8qjmq.jpg
https://drive.google.com/file/d/1fAsBI_JBz6Vd9NExf31L6Iefk4RY_eTz/view?usp=drive_link,https://res.cloudinary.com/dhqmtiaex/image/upload/v1785731897/furnisight/catalog/file_hyrifs.jpg
https://drive.google.com/file/d/1cR2QxHV3HWIF8Z2QHx1MSY95aaiBKjQT/view?usp=drive_link,https://res.cloudinary.com/dhqmtiaex/image/upload/v1785731900/furnisight/catalog/file_bbfbcq.jpg
https://drive.google.com/file/d/1llJwRgE1X5KkWiqYblZdKbMbPKfYy6-_/view?usp=drive_link,https://res.cloudinary.com/dhqmtiaex/image/upload/v1785731905/furnisight/catalog/file_qwsbpc.jpg
https://drive.google.com/file/d/1LwBeg0UuLUAeyXxZQ09MyI8gNVIArxkR/view?usp=drive_link,https://res.cloudinary.com/dhqmtiaex/image/upload/v1785731909/furnisight/catalog/file_tdexv7.jpg
https://drive.google.com/file/d/1AKq3AsbnzD_OoRSEgOKWssuI_NZpMvy5/view?usp=drive_link,https://res.cloudinary.com/dhqmtiaex/image/upload/v1785731913/furnisight/catalog/file_xu6cmd.jpg
https://drive.google.com/file/d/1VNMNwSEe4IlaO8PRc9uR4bN49Vsf4SU0/view?usp=drive_link,https://res.cloudinary.com/dhqmtiaex/image/upload/v1785731917/furnisight/catalog/file_fi3iu6.jpg
https://drive.google.com/file/d/15vMqKBSHkXWs1csVu2z2K5n93y-lkdcw/view?usp=drive_link,https://res.cloudinary.com/dhqmtiaex/image/upload/v1785731920/furnisight/catalog/file_ebnqyn.jpg
https://drive.google.com/file/d/1RE4P8uL95qcxTNd7La8fXmdzkVyUeQpC/view?usp=drive_link,https://res.cloudinary.com/dhqmtiaex/image/upload/v1785731925/furnisight/catalog/file_iw0t1e.jpg
https://drive.google.com/file/d/1l1Wk4Zocc3FeYn-kMTrumxRMU4EkNl8Z/view?usp=drive_link,https://res.cloudinary.com/dhqmtiaex/image/upload/v1785731928/furnisight/catalog/file_wxetkw.jpg
https://drive.google.com/file/d/1L4a4Twsahd24nJIOcAkYphvBr_Tz7-jh/view?usp=drive_link,https://res.cloudinary.com/dhqmtiaex/image/upload/v1785731932/furnisight/catalog/file_frupc6.jpg
https://drive.google.com/file/d/1QzY-KyxjngqUFJYAJkQtIvBBVywQX3fW/view?usp=drive_link,https://res.cloudinary.com/dhqmtiaex/image/upload/v1785731936/furnisight/catalog/file_zagwkz.jpg
https://drive.google.com/file/d/1Rzikgmqzv5xKx1eZWO849TfLHsTGWfNt/view?usp=drive_link,https://res.cloudinary.com/dhqmtiaex/image/upload/v1785731940/furnisight/catalog/file_jqxux5.jpg
https://drive.google.com/file/d/166I4SwQzkaokdxtwaYmYh9miTuHFIgTi/view?usp=drive_link,https://res.cloudinary.com/dhqmtiaex/image/upload/v1785731945/furnisight/catalog/file_mbvyrb.jpg
https://drive.google.com/file/d/1xwnoe7MgT1-XzmAyfa5RfLu5C4zNy-9c/view?usp=drive_link,https://res.cloudinary.com/dhqmtiaex/image/upload/v1785731950/furnisight/catalog/file_ywkm32.jpg
https://drive.google.com/file/d/16lXG9vmzmg7FVEsc1Gf0WwtccLjMuaUz/view?usp=drive_link,https://res.cloudinary.com/dhqmtiaex/image/upload/v1785731953/furnisight/catalog/file_r7libx.jpg
https://drive.google.com/file/d/1oW5fLWL61-bPovh9ztaAqZMs91Akd4gx/view?usp=drive_link,https://res.cloudinary.com/dhqmtiaex/image/upload/v1785731957/furnisight/catalog/file_gz6s3j.jpg
https://drive.google.com/file/d/1pQf1UfPxIajcarXRU-oBHNny2oQGmf_y/view?usp=drive_link,https://res.cloudinary.com/dhqmtiaex/image/upload/v1785731961/furnisight/catalog/file_bxlh9d.jpg
https://drive.google.com/file/d/1bRH0SM5D6OlzLM7kKhLJWuDsVEAaeUqO/view?usp=drive_link,https://res.cloudinary.com/dhqmtiaex/image/upload/v1785731966/furnisight/catalog/file_zvnmby.jpg
https://drive.google.com/file/d/1U-E4wlCWuXRT41ingOztjo-VDQwZZQsc/view?usp=drive_link,https://res.cloudinary.com/dhqmtiaex/image/upload/v1785731969/furnisight/catalog/file_v16vss.jpg
https://drive.google.com/file/d/1GNqki7VUgw0mpp3IslmrFM2r-9C60szY/view?usp=drive_link,https://res.cloudinary.com/dhqmtiaex/image/upload/v1785731973/furnisight/catalog/file_ywirmp.jpg
https://drive.google.com/file/d/1nWkSjUibzVkcr-m5t6gdePC3Qwd5FVCB/view?usp=drive_link,https://res.cloudinary.com/dhqmtiaex/image/upload/v1785731978/furnisight/catalog/file_ouiqph.jpg
https://drive.google.com/file/d/127aHMaqSscRwFodZvx7o5kDg6TrlDewI/view?usp=drive_link,https://res.cloudinary.com/dhqmtiaex/image/upload/v1785731982/furnisight/catalog/file_a2e70b.jpg
https://drive.google.com/file/d/1dlfUktk8Cnn_94qhDYds4XTTfsEIADDS/view?usp=drive_link,https://res.cloudinary.com/dhqmtiaex/image/upload/v1785731987/furnisight/catalog/file_vctncv.jpg
https://drive.google.com/file/d/1875TP5qLbiz0yNnuPzFUNW2yInzpGtYr/view?usp=drive_link,https://res.cloudinary.com/dhqmtiaex/image/upload/v1785731990/furnisight/catalog/file_ezosem.jpg
https://drive.google.com/file/d/1-o0LG7ZtchJmu5cqaG8NaEqngeQEsEDR/view?usp=drive_link,https://res.cloudinary.com/dhqmtiaex/image/upload/v1785731994/furnisight/catalog/file_tqpjxs.jpg
https://drive.google.com/file/d/1Z3uZoxgyXTf9fbX1cgg7F-pk78-TbNYs/view?usp=drive_link,https://res.cloudinary.com/dhqmtiaex/image/upload/v1785731998/furnisight/catalog/file_fmzfcl.jpg
https://drive.google.com/file/d/1zv4-a-FWOtjvRCZczy21ZPUt9rdSLCmW/view?usp=drive_link,https://res.cloudinary.com/dhqmtiaex/image/upload/v1785732002/furnisight/catalog/file_fqk0p2.jpg
https://drive.google.com/file/d/1umaFmxY1XLEBoGmKCtCoWw7F9a42HsIX/view?usp=drive_link,https://res.cloudinary.com/dhqmtiaex/image/upload/v1785732006/furnisight/catalog/file_zsryv7.jpg
https://drive.google.com/file/d/1DPX9Ogk9yasBwgx1qvu9sLrXJUske72s/view?usp=drive_link,https://res.cloudinary.com/dhqmtiaex/image/upload/v1785732010/furnisight/catalog/file_bqgvif.jpg
https://drive.google.com/file/d/1kC5lzfrcVXBkZYT3OCHQARlEGAKkWqYt/view?usp=drive_link,https://res.cloudinary.com/dhqmtiaex/image/upload/v1785732013/furnisight/catalog/file_zxs5us.jpg
https://drive.google.com/file/d/1RSViMhkigJ42sPksbAKlfdTykE3eCjtX/view?usp=drive_link,https://res.cloudinary.com/dhqmtiaex/image/upload/v1785732017/furnisight/catalog/file_t10c6x.jpg
https://drive.google.com/file/d/1iWtQOX0sYqxEo5v3DULH-mh24RlhMuVr/view?usp=drive_link,https://res.cloudinary.com/dhqmtiaex/image/upload/v1785732021/furnisight/catalog/file_zdoawz.jpg
https://drive.google.com/file/d/1hS278YIaQ0wc2Bs5bnkMSuP1hs-EWD6Y/view?usp=drive_link,https://res.cloudinary.com/dhqmtiaex/image/upload/v1785732025/furnisight/catalog/file_jkj5xd.jpg
https://drive.google.com/file/d/1ifLwzHjj02shaFjKPDtuyIHfpsk4lZs2/view?usp=drive_link,https://res.cloudinary.com/dhqmtiaex/image/upload/v1785732029/furnisight/catalog/file_jzqwyh.jpg
https://drive.google.com/file/d/1SYHtfJ4srU5j8yZAh4Pbfg49XGd9fKYB/view?usp=drive_link,https://res.cloudinary.com/dhqmtiaex/image/upload/v1785732033/furnisight/catalog/file_l4gcq8.jpg
https://drive.google.com/file/d/164iNoephAbK4YNjFDk--v3bQfSYfVz9a/view?usp=drive_link,https://res.cloudinary.com/dhqmtiaex/image/upload/v1785732037/furnisight/catalog/file_pkfssu.jpg
https://drive.google.com/file/d/1ATSOP6xpFc2dG_S82Al6lgPtnUHLkXsh/view?usp=drive_link,https://res.cloudinary.com/dhqmtiaex/image/upload/v1785732041/furnisight/catalog/file_cvhrwd.jpg
https://drive.google.com/file/d/10_zSpKJMsuP5wvaycQvXpdGrHQKVP7Lh/view?usp=drive_link,https://res.cloudinary.com/dhqmtiaex/image/upload/v1785732044/furnisight/catalog/file_tf5gvy.jpg
https://drive.google.com/file/d/16V2HKmB4jg_RZTgL2wAdLl_pWbCMzurI/view?usp=drive_link,https://res.cloudinary.com/dhqmtiaex/image/upload/v1785732049/furnisight/catalog/file_fd3hy8.jpg
https://drive.google.com/file/d/1ye6KxNwwWmY_nFI72aRKM7yaiHL8wYNy/view?usp=drive_link,https://res.cloudinary.com/dhqmtiaex/image/upload/v1785732053/furnisight/catalog/file_vmzua5.jpg
https://drive.google.com/file/d/1NXkMtn5cRUqK_y6TujME3S4CqxNjYluR/view?usp=drive_link,https://res.cloudinary.com/dhqmtiaex/image/upload/v1785732057/furnisight/catalog/file_dab2jw.jpg
https://drive.google.com/file/d/1fdpEWo7YFkH9rk7mwS2uUERimcNfqPeu/view?usp=drive_link,https://res.cloudinary.com/dhqmtiaex/image/upload/v1785732061/furnisight/catalog/file_rgsv0j.jpg
https://drive.google.com/file/d/1vxa1n2FB623cV1M9sobYRXJ9M9BDBoi6/view?usp=drive_link,https://res.cloudinary.com/dhqmtiaex/image/upload/v1785732065/furnisight/catalog/file_tcol3u.jpg
https://drive.google.com/file/d/17jQvpucBS_HCNA-x4n6op8fFn8xCK6Kf/view?usp=drive_link,https://res.cloudinary.com/dhqmtiaex/image/upload/v1785732070/furnisight/catalog/file_b75wwu.jpg
https://drive.google.com/file/d/1bbvqBF6QlvW9taY7T1JT49MBeMYSoXUm/view?usp=drive_link,https://res.cloudinary.com/dhqmtiaex/image/upload/v1785732075/furnisight/catalog/file_k1szu1.jpg
https://drive.google.com/file/d/12k1ZsF74Ti1taGoNdNu-W7JalSLSEcYV/view?usp=drive_link,https://res.cloudinary.com/dhqmtiaex/image/upload/v1785732080/furnisight/catalog/file_vp1i0h.jpg
https://drive.google.com/file/d/14NcF5zQCvmHH08NSeWRAW90SetIel1tj/view?usp=drive_link,https://res.cloudinary.com/dhqmtiaex/image/upload/v1785732085/furnisight/catalog/file_ggomnq.jpg
https://drive.google.com/file/d/1HHCmBDuTq89pGO2JYpnT9PptRuB-6aTv/view?usp=drive_link,https://res.cloudinary.com/dhqmtiaex/image/upload/v1785732089/furnisight/catalog/file_uggopo.jpg
https://drive.google.com/file/d/1Nb-FxoGNYE0DFbQL23bouBIiEM4-Adta/view?usp=drive_link,https://res.cloudinary.com/dhqmtiaex/image/upload/v1785732093/furnisight/catalog/file_i39vfb.jpg
https://drive.google.com/file/d/1santdcCeal8wOeJtj0jAEz_LLNF8PVmQ/view?usp=drive_link,https://res.cloudinary.com/dhqmtiaex/image/upload/v1785732096/furnisight/catalog/file_byuwks.jpg
https://drive.google.com/file/d/10Ug0g4qTkLuMCJZgxXELImAjzuK-0VuD/view?usp=drive_link,https://res.cloudinary.com/dhqmtiaex/image/upload/v1785732100/furnisight/catalog/file_htilye.jpg
https://drive.google.com/file/d/1MPdg9Ww9PAY1ezWAyKhHXALrL9-d35uf/view?usp=drive_link,https://res.cloudinary.com/dhqmtiaex/image/upload/v1785732104/furnisight/catalog/file_ciyq62.jpg
https://drive.google.com/file/d/1pHUVI4eu8jsUeo0oW1BY22nUlqV0o3db/view?usp=drive_link,https://res.cloudinary.com/dhqmtiaex/image/upload/v1785732109/furnisight/catalog/file_rxxtfq.jpg
